studentId,courseId,port
10000,1,8080
10001,1,8081
10002,1,8080
10003,1,8081
10004,1,8080
10005,1,8081
10006,1,8080
10007,1,8081
10008,1,8080
10009,1,8081
10010,1,8080
10011,1,8081
10012,1,8080
10013,1,8081
10014,1,8080
10015,1,8081
10016,1,8080
10017,1,8081
10018,1,8080
10019,1,8081
10020,1,8080
10021,1,8081
10022,1,8080
10023,1,8081
10024,1,8080
10025,1,8081
10026,1,8080
10027,1,8081
10028,1,8080
10029,1,8081
10030,1,8080
10031,1,8081
10032,1,8080
10033,1,8081
10034,1,8080
10035,1,8081
10036,1,8080
10037,1,8081
10038,1,8080
10039,1,8081
10040,1,8080
10041,1,8081
10042,1,8080
10043,1,8081
10044,1,8080
10045,1,8081
10046,1,8080
10047,1,8081
10048,1,8080
10049,1,8081
10050,1,8080
10051,1,8081
10052,1,8080
10053,1,8081
10054,1,8080
10055,1,8081
10056,1,8080
10057,1,8081
10058,1,8080
10059,1,8081
10060,1,8080
10061,1,8081
10062,1,8080
10063,1,8081
10064,1,8080
10065,1,8081
10066,1,8080
10067,1,8081
10068,1,8080
10069,1,8081
10070,1,8080
10071,1,8081
10072,1,8080
10073,1,8081
10074,1,8080
10075,1,8081
10076,1,8080
10077,1,8081
10078,1,8080
10079,1,8081
10080,1,8080
10081,1,8081
10082,1,8080
10083,1,8081
10084,1,8080
10085,1,8081
10086,1,8080
10087,1,8081
10088,1,8080
10089,1,8081
10090,1,8080
10091,1,8081
10092,1,8080
10093,1,8081
10094,1,8080
10095,1,8081
10096,1,8080
10097,1,8081
10098,1,8080
10099,1,8081
10100,1,8080
10101,1,8081
10102,1,8080
10103,1,8081
10104,1,8080
10105,1,8081
10106,1,8080
10107,1,8081
10108,1,8080
10109,1,8081
10110,1,8080
10111,1,8081
10112,1,8080
10113,1,8081
10114,1,8080
10115,1,8081
10116,1,8080
10117,1,8081
10118,1,8080
10119,1,8081
10120,1,8080
10121,1,8081
10122,1,8080
10123,1,8081
10124,1,8080
10125,1,8081
10126,1,8080
10127,1,8081
10128,1,8080
10129,1,8081
10130,1,8080
10131,1,8081
10132,1,8080
10133,1,8081
10134,1,8080
10135,1,8081
10136,1,8080
10137,1,8081
10138,1,8080
10139,1,8081
10140,1,8080
10141,1,8081
10142,1,8080
10143,1,8081
10144,1,8080
10145,1,8081
10146,1,8080
10147,1,8081
10148,1,8080
10149,1,8081
10150,1,8080
10151,1,8081
10152,1,8080
10153,1,8081
10154,1,8080
10155,1,8081
10156,1,8080
10157,1,8081
10158,1,8080
10159,1,8081
10160,1,8080
10161,1,8081
10162,1,8080
10163,1,8081
10164,1,8080
10165,1,8081
10166,1,8080
10167,1,8081
10168,1,8080
10169,1,8081
10170,1,8080
10171,1,8081
10172,1,8080
10173,1,8081
10174,1,8080
10175,1,8081
10176,1,8080
10177,1,8081
10178,1,8080
10179,1,8081
10180,1,8080
10181,1,8081
10182,1,8080
10183,1,8081
10184,1,8080
10185,1,8081
10186,1,8080
10187,1,8081
10188,1,8080
10189,1,8081
10190,1,8080
10191,1,8081
10192,1,8080
10193,1,8081
10194,1,8080
10195,1,8081
10196,1,8080
10197,1,8081
10198,1,8080
10199,1,8081
10200,1,8080
10201,1,8081
10202,1,8080
10203,1,8081
10204,1,8080
10205,1,8081
10206,1,8080
10207,1,8081
10208,1,8080
10209,1,8081
10210,1,8080
10211,1,8081
10212,1,8080
10213,1,8081
10214,1,8080
10215,1,8081
10216,1,8080
10217,1,8081
10218,1,8080
10219,1,8081
10220,1,8080
10221,1,8081
10222,1,8080
10223,1,8081
10224,1,8080
10225,1,8081
10226,1,8080
10227,1,8081
10228,1,8080
10229,1,8081
10230,1,8080
10231,1,8081
10232,1,8080
10233,1,8081
10234,1,8080
10235,1,8081
10236,1,8080
10237,1,8081
10238,1,8080
10239,1,8081
10240,1,8080
10241,1,8081
10242,1,8080
10243,1,8081
10244,1,8080
10245,1,8081
10246,1,8080
10247,1,8081
10248,1,8080
10249,1,8081
10250,1,8080
10251,1,8081
10252,1,8080
10253,1,8081
10254,1,8080
10255,1,8081
10256,1,8080
10257,1,8081
10258,1,8080
10259,1,8081
10260,1,8080
10261,1,8081
10262,1,8080
10263,1,8081
10264,1,8080
10265,1,8081
10266,1,8080
10267,1,8081
10268,1,8080
10269,1,8081
10270,1,8080
10271,1,8081
10272,1,8080
10273,1,8081
10274,1,8080
10275,1,8081
10276,1,8080
10277,1,8081
10278,1,8080
10279,1,8081
10280,1,8080
10281,1,8081
10282,1,8080
10283,1,8081
10284,1,8080
10285,1,8081
10286,1,8080
10287,1,8081
10288,1,8080
10289,1,8081
10290,1,8080
10291,1,8081
10292,1,8080
10293,1,8081
10294,1,8080
10295,1,8081
10296,1,8080
10297,1,8081
10298,1,8080
10299,1,8081
10300,1,8080
10301,1,8081
10302,1,8080
10303,1,8081
10304,1,8080
10305,1,8081
10306,1,8080
10307,1,8081
10308,1,8080
10309,1,8081
10310,1,8080
10311,1,8081
10312,1,8080
10313,1,8081
10314,1,8080
10315,1,8081
10316,1,8080
10317,1,8081
10318,1,8080
10319,1,8081
10320,1,8080
10321,1,8081
10322,1,8080
10323,1,8081
10324,1,8080
10325,1,8081
10326,1,8080
10327,1,8081
10328,1,8080
10329,1,8081
10330,1,8080
10331,1,8081
10332,1,8080
10333,1,8081
10334,1,8080
10335,1,8081
10336,1,8080
10337,1,8081
10338,1,8080
10339,1,8081
10340,1,8080
10341,1,8081
10342,1,8080
10343,1,8081
10344,1,8080
10345,1,8081
10346,1,8080
10347,1,8081
10348,1,8080
10349,1,8081
10350,1,8080
10351,1,8081
10352,1,8080
10353,1,8081
10354,1,8080
10355,1,8081
10356,1,8080
10357,1,8081
10358,1,8080
10359,1,8081
10360,1,8080
10361,1,8081
10362,1,8080
10363,1,8081
10364,1,8080
10365,1,8081
10366,1,8080
10367,1,8081
10368,1,8080
10369,1,8081
10370,1,8080
10371,1,8081
10372,1,8080
10373,1,8081
10374,1,8080
10375,1,8081
10376,1,8080
10377,1,8081
10378,1,8080
10379,1,8081
10380,1,8080
10381,1,8081
10382,1,8080
10383,1,8081
10384,1,8080
10385,1,8081
10386,1,8080
10387,1,8081
10388,1,8080
10389,1,8081
10390,1,8080
10391,1,8081
10392,1,8080
10393,1,8081
10394,1,8080
10395,1,8081
10396,1,8080
10397,1,8081
10398,1,8080
10399,1,8081
10400,1,8080
10401,1,8081
10402,1,8080
10403,1,8081
10404,1,8080
10405,1,8081
10406,1,8080
10407,1,8081
10408,1,8080
10409,1,8081
10410,1,8080
10411,1,8081
10412,1,8080
10413,1,8081
10414,1,8080
10415,1,8081
10416,1,8080
10417,1,8081
10418,1,8080
10419,1,8081
10420,1,8080
10421,1,8081
10422,1,8080
10423,1,8081
10424,1,8080
10425,1,8081
10426,1,8080
10427,1,8081
10428,1,8080
10429,1,8081
10430,1,8080
10431,1,8081
10432,1,8080
10433,1,8081
10434,1,8080
10435,1,8081
10436,1,8080
10437,1,8081
10438,1,8080
10439,1,8081
10440,1,8080
10441,1,8081
10442,1,8080
10443,1,8081
10444,1,8080
10445,1,8081
10446,1,8080
10447,1,8081
10448,1,8080
10449,1,8081
10450,1,8080
10451,1,8081
10452,1,8080
10453,1,8081
10454,1,8080
10455,1,8081
10456,1,8080
10457,1,8081
10458,1,8080
10459,1,8081
10460,1,8080
10461,1,8081
10462,1,8080
10463,1,8081
10464,1,8080
10465,1,8081
10466,1,8080
10467,1,8081
10468,1,8080
10469,1,8081
10470,1,8080
10471,1,8081
10472,1,8080
10473,1,8081
10474,1,8080
10475,1,8081
10476,1,8080
10477,1,8081
10478,1,8080
10479,1,8081
10480,1,8080
10481,1,8081
10482,1,8080
10483,1,8081
10484,1,8080
10485,1,8081
10486,1,8080
10487,1,8081
10488,1,8080
10489,1,8081
10490,1,8080
10491,1,8081
10492,1,8080
10493,1,8081
10494,1,8080
10495,1,8081
10496,1,8080
10497,1,8081
10498,1,8080
10499,1,8081
10500,1,8080
10501,1,8081
10502,1,8080
10503,1,8081
10504,1,8080
10505,1,8081
10506,1,8080
10507,1,8081
10508,1,8080
10509,1,8081
10510,1,8080
10511,1,8081
10512,1,8080
10513,1,8081
10514,1,8080
10515,1,8081
10516,1,8080
10517,1,8081
10518,1,8080
10519,1,8081
10520,1,8080
10521,1,8081
10522,1,8080
10523,1,8081
10524,1,8080
10525,1,8081
10526,1,8080
10527,1,8081
10528,1,8080
10529,1,8081
10530,1,8080
10531,1,8081
10532,1,8080
10533,1,8081
10534,1,8080
10535,1,8081
10536,1,8080
10537,1,8081
10538,1,8080
10539,1,8081
10540,1,8080
10541,1,8081
10542,1,8080
10543,1,8081
10544,1,8080
10545,1,8081
10546,1,8080
10547,1,8081
10548,1,8080
10549,1,8081
10550,1,8080
10551,1,8081
10552,1,8080
10553,1,8081
10554,1,8080
10555,1,8081
10556,1,8080
10557,1,8081
10558,1,8080
10559,1,8081
10560,1,8080
10561,1,8081
10562,1,8080
10563,1,8081
10564,1,8080
10565,1,8081
10566,1,8080
10567,1,8081
10568,1,8080
10569,1,8081
10570,1,8080
10571,1,8081
10572,1,8080
10573,1,8081
10574,1,8080
10575,1,8081
10576,1,8080
10577,1,8081
10578,1,8080
10579,1,8081
10580,1,8080
10581,1,8081
10582,1,8080
10583,1,8081
10584,1,8080
10585,1,8081
10586,1,8080
10587,1,8081
10588,1,8080
10589,1,8081
10590,1,8080
10591,1,8081
10592,1,8080
10593,1,8081
10594,1,8080
10595,1,8081
10596,1,8080
10597,1,8081
10598,1,8080
10599,1,8081
10600,1,8080
10601,1,8081
10602,1,8080
10603,1,8081
10604,1,8080
10605,1,8081
10606,1,8080
10607,1,8081
10608,1,8080
10609,1,8081
10610,1,8080
10611,1,8081
10612,1,8080
10613,1,8081
10614,1,8080
10615,1,8081
10616,1,8080
10617,1,8081
10618,1,8080
10619,1,8081
10620,1,8080
10621,1,8081
10622,1,8080
10623,1,8081
10624,1,8080
10625,1,8081
10626,1,8080
10627,1,8081
10628,1,8080
10629,1,8081
10630,1,8080
10631,1,8081
10632,1,8080
10633,1,8081
10634,1,8080
10635,1,8081
10636,1,8080
10637,1,8081
10638,1,8080
10639,1,8081
10640,1,8080
10641,1,8081
10642,1,8080
10643,1,8081
10644,1,8080
10645,1,8081
10646,1,8080
10647,1,8081
10648,1,8080
10649,1,8081
10650,1,8080
10651,1,8081
10652,1,8080
10653,1,8081
10654,1,8080
10655,1,8081
10656,1,8080
10657,1,8081
10658,1,8080
10659,1,8081
10660,1,8080
10661,1,8081
10662,1,8080
10663,1,8081
10664,1,8080
10665,1,8081
10666,1,8080
10667,1,8081
10668,1,8080
10669,1,8081
10670,1,8080
10671,1,8081
10672,1,8080
10673,1,8081
10674,1,8080
10675,1,8081
10676,1,8080
10677,1,8081
10678,1,8080
10679,1,8081
10680,1,8080
10681,1,8081
10682,1,8080
10683,1,8081
10684,1,8080
10685,1,8081
10686,1,8080
10687,1,8081
10688,1,8080
10689,1,8081
10690,1,8080
10691,1,8081
10692,1,8080
10693,1,8081
10694,1,8080
10695,1,8081
10696,1,8080
10697,1,8081
10698,1,8080
10699,1,8081
10700,1,8080
10701,1,8081
10702,1,8080
10703,1,8081
10704,1,8080
10705,1,8081
10706,1,8080
10707,1,8081
10708,1,8080
10709,1,8081
10710,1,8080
10711,1,8081
10712,1,8080
10713,1,8081
10714,1,8080
10715,1,8081
10716,1,8080
10717,1,8081
10718,1,8080
10719,1,8081
10720,1,8080
10721,1,8081
10722,1,8080
10723,1,8081
10724,1,8080
10725,1,8081
10726,1,8080
10727,1,8081
10728,1,8080
10729,1,8081
10730,1,8080
10731,1,8081
10732,1,8080
10733,1,8081
10734,1,8080
10735,1,8081
10736,1,8080
10737,1,8081
10738,1,8080
10739,1,8081
10740,1,8080
10741,1,8081
10742,1,8080
10743,1,8081
10744,1,8080
10745,1,8081
10746,1,8080
10747,1,8081
10748,1,8080
10749,1,8081
10750,1,8080
10751,1,8081
10752,1,8080
10753,1,8081
10754,1,8080
10755,1,8081
10756,1,8080
10757,1,8081
10758,1,8080
10759,1,8081
10760,1,8080
10761,1,8081
10762,1,8080
10763,1,8081
10764,1,8080
10765,1,8081
10766,1,8080
10767,1,8081
10768,1,8080
10769,1,8081
10770,1,8080
10771,1,8081
10772,1,8080
10773,1,8081
10774,1,8080
10775,1,8081
10776,1,8080
10777,1,8081
10778,1,8080
10779,1,8081
10780,1,8080
10781,1,8081
10782,1,8080
10783,1,8081
10784,1,8080
10785,1,8081
10786,1,8080
10787,1,8081
10788,1,8080
10789,1,8081
10790,1,8080
10791,1,8081
10792,1,8080
10793,1,8081
10794,1,8080
10795,1,8081
10796,1,8080
10797,1,8081
10798,1,8080
10799,1,8081
10800,1,8080
10801,1,8081
10802,1,8080
10803,1,8081
10804,1,8080
10805,1,8081
10806,1,8080
10807,1,8081
10808,1,8080
10809,1,8081
10810,1,8080
10811,1,8081
10812,1,8080
10813,1,8081
10814,1,8080
10815,1,8081
10816,1,8080
10817,1,8081
10818,1,8080
10819,1,8081
10820,1,8080
10821,1,8081
10822,1,8080
10823,1,8081
10824,1,8080
10825,1,8081
10826,1,8080
10827,1,8081
10828,1,8080
10829,1,8081
10830,1,8080
10831,1,8081
10832,1,8080
10833,1,8081
10834,1,8080
10835,1,8081
10836,1,8080
10837,1,8081
10838,1,8080
10839,1,8081
10840,1,8080
10841,1,8081
10842,1,8080
10843,1,8081
10844,1,8080
10845,1,8081
10846,1,8080
10847,1,8081
10848,1,8080
10849,1,8081
10850,1,8080
10851,1,8081
10852,1,8080
10853,1,8081
10854,1,8080
10855,1,8081
10856,1,8080
10857,1,8081
10858,1,8080
10859,1,8081
10860,1,8080
10861,1,8081
10862,1,8080
10863,1,8081
10864,1,8080
10865,1,8081
10866,1,8080
10867,1,8081
10868,1,8080
10869,1,8081
10870,1,8080
10871,1,8081
10872,1,8080
10873,1,8081
10874,1,8080
10875,1,8081
10876,1,8080
10877,1,8081
10878,1,8080
10879,1,8081
10880,1,8080
10881,1,8081
10882,1,8080
10883,1,8081
10884,1,8080
10885,1,8081
10886,1,8080
10887,1,8081
10888,1,8080
10889,1,8081
10890,1,8080
10891,1,8081
10892,1,8080
10893,1,8081
10894,1,8080
10895,1,8081
10896,1,8080
10897,1,8081
10898,1,8080
10899,1,8081
10900,1,8080
10901,1,8081
10902,1,8080
10903,1,8081
10904,1,8080
10905,1,8081
10906,1,8080
10907,1,8081
10908,1,8080
10909,1,8081
10910,1,8080
10911,1,8081
10912,1,8080
10913,1,8081
10914,1,8080
10915,1,8081
10916,1,8080
10917,1,8081
10918,1,8080
10919,1,8081
10920,1,8080
10921,1,8081
10922,1,8080
10923,1,8081
10924,1,8080
10925,1,8081
10926,1,8080
10927,1,8081
10928,1,8080
10929,1,8081
10930,1,8080
10931,1,8081
10932,1,8080
10933,1,8081
10934,1,8080
10935,1,8081
10936,1,8080
10937,1,8081
10938,1,8080
10939,1,8081
10940,1,8080
10941,1,8081
10942,1,8080
10943,1,8081
10944,1,8080
10945,1,8081
10946,1,8080
10947,1,8081
10948,1,8080
10949,1,8081
10950,1,8080
10951,1,8081
10952,1,8080
10953,1,8081
10954,1,8080
10955,1,8081
10956,1,8080
10957,1,8081
10958,1,8080
10959,1,8081
10960,1,8080
10961,1,8081
10962,1,8080
10963,1,8081
10964,1,8080
10965,1,8081
10966,1,8080
10967,1,8081
10968,1,8080
10969,1,8081
10970,1,8080
10971,1,8081
10972,1,8080
10973,1,8081
10974,1,8080
10975,1,8081
10976,1,8080
10977,1,8081
10978,1,8080
10979,1,8081
10980,1,8080
10981,1,8081
10982,1,8080
10983,1,8081
10984,1,8080
10985,1,8081
10986,1,8080
10987,1,8081
10988,1,8080
10989,1,8081
10990,1,8080
10991,1,8081
10992,1,8080
10993,1,8081
10994,1,8080
10995,1,8081
10996,1,8080
10997,1,8081
10998,1,8080
10999,1,8081
11000,1,8080
11001,1,8081
11002,1,8080
11003,1,8081
11004,1,8080
11005,1,8081
11006,1,8080
11007,1,8081
11008,1,8080
11009,1,8081
11010,1,8080
11011,1,8081
11012,1,8080
11013,1,8081
11014,1,8080
11015,1,8081
11016,1,8080
11017,1,8081
11018,1,8080
11019,1,8081
11020,1,8080
11021,1,8081
11022,1,8080
11023,1,8081
11024,1,8080
11025,1,8081
11026,1,8080
11027,1,8081
11028,1,8080
11029,1,8081
11030,1,8080
11031,1,8081
11032,1,8080
11033,1,8081
11034,1,8080
11035,1,8081
11036,1,8080
11037,1,8081
11038,1,8080
11039,1,8081
11040,1,8080
11041,1,8081
11042,1,8080
11043,1,8081
11044,1,8080
11045,1,8081
11046,1,8080
11047,1,8081
11048,1,8080
11049,1,8081
11050,1,8080
11051,1,8081
11052,1,8080
11053,1,8081
11054,1,8080
11055,1,8081
11056,1,8080
11057,1,8081
11058,1,8080
11059,1,8081
11060,1,8080
11061,1,8081
11062,1,8080
11063,1,8081
11064,1,8080
11065,1,8081
11066,1,8080
11067,1,8081
11068,1,8080
11069,1,8081
11070,1,8080
11071,1,8081
11072,1,8080
11073,1,8081
11074,1,8080
11075,1,8081
11076,1,8080
11077,1,8081
11078,1,8080
11079,1,8081
11080,1,8080
11081,1,8081
11082,1,8080
11083,1,8081
11084,1,8080
11085,1,8081
11086,1,8080
11087,1,8081
11088,1,8080
11089,1,8081
11090,1,8080
11091,1,8081
11092,1,8080
11093,1,8081
11094,1,8080
11095,1,8081
11096,1,8080
11097,1,8081
11098,1,8080
11099,1,8081
11100,1,8080
11101,1,8081
11102,1,8080
11103,1,8081
11104,1,8080
11105,1,8081
11106,1,8080
11107,1,8081
11108,1,8080
11109,1,8081
11110,1,8080
11111,1,8081
11112,1,8080
11113,1,8081
11114,1,8080
11115,1,8081
11116,1,8080
11117,1,8081
11118,1,8080
11119,1,8081
11120,1,8080
11121,1,8081
11122,1,8080
11123,1,8081
11124,1,8080
11125,1,8081
11126,1,8080
11127,1,8081
11128,1,8080
11129,1,8081
11130,1,8080
11131,1,8081
11132,1,8080
11133,1,8081
11134,1,8080
11135,1,8081
11136,1,8080
11137,1,8081
11138,1,8080
11139,1,8081
11140,1,8080
11141,1,8081
11142,1,8080
11143,1,8081
11144,1,8080
11145,1,8081
11146,1,8080
11147,1,8081
11148,1,8080
11149,1,8081
11150,1,8080
11151,1,8081
11152,1,8080
11153,1,8081
11154,1,8080
11155,1,8081
11156,1,8080
11157,1,8081
11158,1,8080
11159,1,8081
11160,1,8080
11161,1,8081
11162,1,8080
11163,1,8081
11164,1,8080
11165,1,8081
11166,1,8080
11167,1,8081
11168,1,8080
11169,1,8081
11170,1,8080
11171,1,8081
11172,1,8080
11173,1,8081
11174,1,8080
11175,1,8081
11176,1,8080
11177,1,8081
11178,1,8080
11179,1,8081
11180,1,8080
11181,1,8081
11182,1,8080
11183,1,8081
11184,1,8080
11185,1,8081
11186,1,8080
11187,1,8081
11188,1,8080
11189,1,8081
11190,1,8080
11191,1,8081
11192,1,8080
11193,1,8081
11194,1,8080
11195,1,8081
11196,1,8080
11197,1,8081
11198,1,8080
11199,1,8081
11200,1,8080
11201,1,8081
11202,1,8080
11203,1,8081
11204,1,8080
11205,1,8081
11206,1,8080
11207,1,8081
11208,1,8080
11209,1,8081
11210,1,8080
11211,1,8081
11212,1,8080
11213,1,8081
11214,1,8080
11215,1,8081
11216,1,8080
11217,1,8081
11218,1,8080
11219,1,8081
11220,1,8080
11221,1,8081
11222,1,8080
11223,1,8081
11224,1,8080
11225,1,8081
11226,1,8080
11227,1,8081
11228,1,8080
11229,1,8081
11230,1,8080
11231,1,8081
11232,1,8080
11233,1,8081
11234,1,8080
11235,1,8081
11236,1,8080
11237,1,8081
11238,1,8080
11239,1,8081
11240,1,8080
11241,1,8081
11242,1,8080
11243,1,8081
11244,1,8080
11245,1,8081
11246,1,8080
11247,1,8081
11248,1,8080
11249,1,8081
11250,1,8080
11251,1,8081
11252,1,8080
11253,1,8081
11254,1,8080
11255,1,8081
11256,1,8080
11257,1,8081
11258,1,8080
11259,1,8081
11260,1,8080
11261,1,8081
11262,1,8080
11263,1,8081
11264,1,8080
11265,1,8081
11266,1,8080
11267,1,8081
11268,1,8080
11269,1,8081
11270,1,8080
11271,1,8081
11272,1,8080
11273,1,8081
11274,1,8080
11275,1,8081
11276,1,8080
11277,1,8081
11278,1,8080
11279,1,8081
11280,1,8080
11281,1,8081
11282,1,8080
11283,1,8081
11284,1,8080
11285,1,8081
11286,1,8080
11287,1,8081
11288,1,8080
11289,1,8081
11290,1,8080
11291,1,8081
11292,1,8080
11293,1,8081
11294,1,8080
11295,1,8081
11296,1,8080
11297,1,8081
11298,1,8080
11299,1,8081
11300,1,8080
11301,1,8081
11302,1,8080
11303,1,8081
11304,1,8080
11305,1,8081
11306,1,8080
11307,1,8081
11308,1,8080
11309,1,8081
11310,1,8080
11311,1,8081
11312,1,8080
11313,1,8081
11314,1,8080
11315,1,8081
11316,1,8080
11317,1,8081
11318,1,8080
11319,1,8081
11320,1,8080
11321,1,8081
11322,1,8080
11323,1,8081
11324,1,8080
11325,1,8081
11326,1,8080
11327,1,8081
11328,1,8080
11329,1,8081
11330,1,8080
11331,1,8081
11332,1,8080
11333,1,8081
11334,1,8080
11335,1,8081
11336,1,8080
11337,1,8081
11338,1,8080
11339,1,8081
11340,1,8080
11341,1,8081
11342,1,8080
11343,1,8081
11344,1,8080
11345,1,8081
11346,1,8080
11347,1,8081
11348,1,8080
11349,1,8081
11350,1,8080
11351,1,8081
11352,1,8080
11353,1,8081
11354,1,8080
11355,1,8081
11356,1,8080
11357,1,8081
11358,1,8080
11359,1,8081
11360,1,8080
11361,1,8081
11362,1,8080
11363,1,8081
11364,1,8080
11365,1,8081
11366,1,8080
11367,1,8081
11368,1,8080
11369,1,8081
11370,1,8080
11371,1,8081
11372,1,8080
11373,1,8081
11374,1,8080
11375,1,8081
11376,1,8080
11377,1,8081
11378,1,8080
11379,1,8081
11380,1,8080
11381,1,8081
11382,1,8080
11383,1,8081
11384,1,8080
11385,1,8081
11386,1,8080
11387,1,8081
11388,1,8080
11389,1,8081
11390,1,8080
11391,1,8081
11392,1,8080
11393,1,8081
11394,1,8080
11395,1,8081
11396,1,8080
11397,1,8081
11398,1,8080
11399,1,8081
11400,1,8080
11401,1,8081
11402,1,8080
11403,1,8081
11404,1,8080
11405,1,8081
11406,1,8080
11407,1,8081
11408,1,8080
11409,1,8081
11410,1,8080
11411,1,8081
11412,1,8080
11413,1,8081
11414,1,8080
11415,1,8081
11416,1,8080
11417,1,8081
11418,1,8080
11419,1,8081
11420,1,8080
11421,1,8081
11422,1,8080
11423,1,8081
11424,1,8080
11425,1,8081
11426,1,8080
11427,1,8081
11428,1,8080
11429,1,8081
11430,1,8080
11431,1,8081
11432,1,8080
11433,1,8081
11434,1,8080
11435,1,8081
11436,1,8080
11437,1,8081
11438,1,8080
11439,1,8081
11440,1,8080
11441,1,8081
11442,1,8080
11443,1,8081
11444,1,8080
11445,1,8081
11446,1,8080
11447,1,8081
11448,1,8080
11449,1,8081
11450,1,8080
11451,1,8081
11452,1,8080
11453,1,8081
11454,1,8080
11455,1,8081
11456,1,8080
11457,1,8081
11458,1,8080
11459,1,8081
11460,1,8080
11461,1,8081
11462,1,8080
11463,1,8081
11464,1,8080
11465,1,8081
11466,1,8080
11467,1,8081
11468,1,8080
11469,1,8081
11470,1,8080
11471,1,8081
11472,1,8080
11473,1,8081
11474,1,8080
11475,1,8081
11476,1,8080
11477,1,8081
11478,1,8080
11479,1,8081
11480,1,8080
11481,1,8081
11482,1,8080
11483,1,8081
11484,1,8080
11485,1,8081
11486,1,8080
11487,1,8081
11488,1,8080
11489,1,8081
11490,1,8080
11491,1,8081
11492,1,8080
11493,1,8081
11494,1,8080
11495,1,8081
11496,1,8080
11497,1,8081
11498,1,8080
11499,1,8081
11500,1,8080
11501,1,8081
11502,1,8080
11503,1,8081
11504,1,8080
11505,1,8081
11506,1,8080
11507,1,8081
11508,1,8080
11509,1,8081
11510,1,8080
11511,1,8081
11512,1,8080
11513,1,8081
11514,1,8080
11515,1,8081
11516,1,8080
11517,1,8081
11518,1,8080
11519,1,8081
11520,1,8080
11521,1,8081
11522,1,8080
11523,1,8081
11524,1,8080
11525,1,8081
11526,1,8080
11527,1,8081
11528,1,8080
11529,1,8081
11530,1,8080
11531,1,8081
11532,1,8080
11533,1,8081
11534,1,8080
11535,1,8081
11536,1,8080
11537,1,8081
11538,1,8080
11539,1,8081
11540,1,8080
11541,1,8081
11542,1,8080
11543,1,8081
11544,1,8080
11545,1,8081
11546,1,8080
11547,1,8081
11548,1,8080
11549,1,8081
11550,1,8080
11551,1,8081
11552,1,8080
11553,1,8081
11554,1,8080
11555,1,8081
11556,1,8080
11557,1,8081
11558,1,8080
11559,1,8081
11560,1,8080
11561,1,8081
11562,1,8080
11563,1,8081
11564,1,8080
11565,1,8081
11566,1,8080
11567,1,8081
11568,1,8080
11569,1,8081
11570,1,8080
11571,1,8081
11572,1,8080
11573,1,8081
11574,1,8080
11575,1,8081
11576,1,8080
11577,1,8081
11578,1,8080
11579,1,8081
11580,1,8080
11581,1,8081
11582,1,8080
11583,1,8081
11584,1,8080
11585,1,8081
11586,1,8080
11587,1,8081
11588,1,8080
11589,1,8081
11590,1,8080
11591,1,8081
11592,1,8080
11593,1,8081
11594,1,8080
11595,1,8081
11596,1,8080
11597,1,8081
11598,1,8080
11599,1,8081
11600,1,8080
11601,1,8081
11602,1,8080
11603,1,8081
11604,1,8080
11605,1,8081
11606,1,8080
11607,1,8081
11608,1,8080
11609,1,8081
11610,1,8080
11611,1,8081
11612,1,8080
11613,1,8081
11614,1,8080
11615,1,8081
11616,1,8080
11617,1,8081
11618,1,8080
11619,1,8081
11620,1,8080
11621,1,8081
11622,1,8080
11623,1,8081
11624,1,8080
11625,1,8081
11626,1,8080
11627,1,8081
11628,1,8080
11629,1,8081
11630,1,8080
11631,1,8081
11632,1,8080
11633,1,8081
11634,1,8080
11635,1,8081
11636,1,8080
11637,1,8081
11638,1,8080
11639,1,8081
11640,1,8080
11641,1,8081
11642,1,8080
11643,1,8081
11644,1,8080
11645,1,8081
11646,1,8080
11647,1,8081
11648,1,8080
11649,1,8081
11650,1,8080
11651,1,8081
11652,1,8080
11653,1,8081
11654,1,8080
11655,1,8081
11656,1,8080
11657,1,8081
11658,1,8080
11659,1,8081
11660,1,8080
11661,1,8081
11662,1,8080
11663,1,8081
11664,1,8080
11665,1,8081
11666,1,8080
11667,1,8081
11668,1,8080
11669,1,8081
11670,1,8080
11671,1,8081
11672,1,8080
11673,1,8081
11674,1,8080
11675,1,8081
11676,1,8080
11677,1,8081
11678,1,8080
11679,1,8081
11680,1,8080
11681,1,8081
11682,1,8080
11683,1,8081
11684,1,8080
11685,1,8081
11686,1,8080
11687,1,8081
11688,1,8080
11689,1,8081
11690,1,8080
11691,1,8081
11692,1,8080
11693,1,8081
11694,1,8080
11695,1,8081
11696,1,8080
11697,1,8081
11698,1,8080
11699,1,8081
11700,1,8080
11701,1,8081
11702,1,8080
11703,1,8081
11704,1,8080
11705,1,8081
11706,1,8080
11707,1,8081
11708,1,8080
11709,1,8081
11710,1,8080
11711,1,8081
11712,1,8080
11713,1,8081
11714,1,8080
11715,1,8081
11716,1,8080
11717,1,8081
11718,1,8080
11719,1,8081
11720,1,8080
11721,1,8081
11722,1,8080
11723,1,8081
11724,1,8080
11725,1,8081
11726,1,8080
11727,1,8081
11728,1,8080
11729,1,8081
11730,1,8080
11731,1,8081
11732,1,8080
11733,1,8081
11734,1,8080
11735,1,8081
11736,1,8080
11737,1,8081
11738,1,8080
11739,1,8081
11740,1,8080
11741,1,8081
11742,1,8080
11743,1,8081
11744,1,8080
11745,1,8081
11746,1,8080
11747,1,8081
11748,1,8080
11749,1,8081
11750,1,8080
11751,1,8081
11752,1,8080
11753,1,8081
11754,1,8080
11755,1,8081
11756,1,8080
11757,1,8081
11758,1,8080
11759,1,8081
11760,1,8080
11761,1,8081
11762,1,8080
11763,1,8081
11764,1,8080
11765,1,8081
11766,1,8080
11767,1,8081
11768,1,8080
11769,1,8081
11770,1,8080
11771,1,8081
11772,1,8080
11773,1,8081
11774,1,8080
11775,1,8081
11776,1,8080
11777,1,8081
11778,1,8080
11779,1,8081
11780,1,8080
11781,1,8081
11782,1,8080
11783,1,8081
11784,1,8080
11785,1,8081
11786,1,8080
11787,1,8081
11788,1,8080
11789,1,8081
11790,1,8080
11791,1,8081
11792,1,8080
11793,1,8081
11794,1,8080
11795,1,8081
11796,1,8080
11797,1,8081
11798,1,8080
11799,1,8081
11800,1,8080
11801,1,8081
11802,1,8080
11803,1,8081
11804,1,8080
11805,1,8081
11806,1,8080
11807,1,8081
11808,1,8080
11809,1,8081
11810,1,8080
11811,1,8081
11812,1,8080
11813,1,8081
11814,1,8080
11815,1,8081
11816,1,8080
11817,1,8081
11818,1,8080
11819,1,8081
11820,1,8080
11821,1,8081
11822,1,8080
11823,1,8081
11824,1,8080
11825,1,8081
11826,1,8080
11827,1,8081
11828,1,8080
11829,1,8081
11830,1,8080
11831,1,8081
11832,1,8080
11833,1,8081
11834,1,8080
11835,1,8081
11836,1,8080
11837,1,8081
11838,1,8080
11839,1,8081
11840,1,8080
11841,1,8081
11842,1,8080
11843,1,8081
11844,1,8080
11845,1,8081
11846,1,8080
11847,1,8081
11848,1,8080
11849,1,8081
11850,1,8080
11851,1,8081
11852,1,8080
11853,1,8081
11854,1,8080
11855,1,8081
11856,1,8080
11857,1,8081
11858,1,8080
11859,1,8081
11860,1,8080
11861,1,8081
11862,1,8080
11863,1,8081
11864,1,8080
11865,1,8081
11866,1,8080
11867,1,8081
11868,1,8080
11869,1,8081
11870,1,8080
11871,1,8081
11872,1,8080
11873,1,8081
11874,1,8080
11875,1,8081
11876,1,8080
11877,1,8081
11878,1,8080
11879,1,8081
11880,1,8080
11881,1,8081
11882,1,8080
11883,1,8081
11884,1,8080
11885,1,8081
11886,1,8080
11887,1,8081
11888,1,8080
11889,1,8081
11890,1,8080
11891,1,8081
11892,1,8080
11893,1,8081
11894,1,8080
11895,1,8081
11896,1,8080
11897,1,8081
11898,1,8080
11899,1,8081
11900,1,8080
11901,1,8081
11902,1,8080
11903,1,8081
11904,1,8080
11905,1,8081
11906,1,8080
11907,1,8081
11908,1,8080
11909,1,8081
11910,1,8080
11911,1,8081
11912,1,8080
11913,1,8081
11914,1,8080
11915,1,8081
11916,1,8080
11917,1,8081
11918,1,8080
11919,1,8081
11920,1,8080
11921,1,8081
11922,1,8080
11923,1,8081
11924,1,8080
11925,1,8081
11926,1,8080
11927,1,8081
11928,1,8080
11929,1,8081
11930,1,8080
11931,1,8081
11932,1,8080
11933,1,8081
11934,1,8080
11935,1,8081
11936,1,8080
11937,1,8081
11938,1,8080
11939,1,8081
11940,1,8080
11941,1,8081
11942,1,8080
11943,1,8081
11944,1,8080
11945,1,8081
11946,1,8080
11947,1,8081
11948,1,8080
11949,1,8081
11950,1,8080
11951,1,8081
11952,1,8080
11953,1,8081
11954,1,8080
11955,1,8081
11956,1,8080
11957,1,8081
11958,1,8080
11959,1,8081
11960,1,8080
11961,1,8081
11962,1,8080
11963,1,8081
11964,1,8080
11965,1,8081
11966,1,8080
11967,1,8081
11968,1,8080
11969,1,8081
11970,1,8080
11971,1,8081
11972,1,8080
11973,1,8081
11974,1,8080
11975,1,8081
11976,1,8080
11977,1,8081
11978,1,8080
11979,1,8081
11980,1,8080
11981,1,8081
11982,1,8080
11983,1,8081
11984,1,8080
11985,1,8081
11986,1,8080
11987,1,8081
11988,1,8080
11989,1,8081
11990,1,8080
11991,1,8081
11992,1,8080
11993,1,8081
11994,1,8080
11995,1,8081
11996,1,8080
11997,1,8081
11998,1,8080
11999,1,8081
12000,2,8080
12001,2,8081
12002,2,8080
12003,2,8081
12004,2,8080
12005,2,8081
12006,2,8080
12007,2,8081
12008,2,8080
12009,2,8081
12010,2,8080
12011,2,8081
12012,2,8080
12013,2,8081
12014,2,8080
12015,2,8081
12016,2,8080
12017,2,8081
12018,2,8080
12019,2,8081
12020,2,8080
12021,2,8081
12022,2,8080
12023,2,8081
12024,2,8080
12025,2,8081
12026,2,8080
12027,2,8081
12028,2,8080
12029,2,8081
12030,2,8080
12031,2,8081
12032,2,8080
12033,2,8081
12034,2,8080
12035,2,8081
12036,2,8080
12037,2,8081
12038,2,8080
12039,2,8081
12040,2,8080
12041,2,8081
12042,2,8080
12043,2,8081
12044,2,8080
12045,2,8081
12046,2,8080
12047,2,8081
12048,2,8080
12049,2,8081
12050,2,8080
12051,2,8081
12052,2,8080
12053,2,8081
12054,2,8080
12055,2,8081
12056,2,8080
12057,2,8081
12058,2,8080
12059,2,8081
12060,2,8080
12061,2,8081
12062,2,8080
12063,2,8081
12064,2,8080
12065,2,8081
12066,2,8080
12067,2,8081
12068,2,8080
12069,2,8081
12070,2,8080
12071,2,8081
12072,2,8080
12073,2,8081
12074,2,8080
12075,2,8081
12076,2,8080
12077,2,8081
12078,2,8080
12079,2,8081
12080,2,8080
12081,2,8081
12082,2,8080
12083,2,8081
12084,2,8080
12085,2,8081
12086,2,8080
12087,2,8081
12088,2,8080
12089,2,8081
12090,2,8080
12091,2,8081
12092,2,8080
12093,2,8081
12094,2,8080
12095,2,8081
12096,2,8080
12097,2,8081
12098,2,8080
12099,2,8081
12100,2,8080
12101,2,8081
12102,2,8080
12103,2,8081
12104,2,8080
12105,2,8081
12106,2,8080
12107,2,8081
12108,2,8080
12109,2,8081
12110,2,8080
12111,2,8081
12112,2,8080
12113,2,8081
12114,2,8080
12115,2,8081
12116,2,8080
12117,2,8081
12118,2,8080
12119,2,8081
12120,2,8080
12121,2,8081
12122,2,8080
12123,2,8081
12124,2,8080
12125,2,8081
12126,2,8080
12127,2,8081
12128,2,8080
12129,2,8081
12130,2,8080
12131,2,8081
12132,2,8080
12133,2,8081
12134,2,8080
12135,2,8081
12136,2,8080
12137,2,8081
12138,2,8080
12139,2,8081
12140,2,8080
12141,2,8081
12142,2,8080
12143,2,8081
12144,2,8080
12145,2,8081
12146,2,8080
12147,2,8081
12148,2,8080
12149,2,8081
12150,2,8080
12151,2,8081
12152,2,8080
12153,2,8081
12154,2,8080
12155,2,8081
12156,2,8080
12157,2,8081
12158,2,8080
12159,2,8081
12160,2,8080
12161,2,8081
12162,2,8080
12163,2,8081
12164,3,8080
12165,3,8081
12166,3,8080
12167,3,8081
12168,3,8080
12169,3,8081
12170,3,8080
12171,3,8081
12172,3,8080
12173,3,8081
12174,3,8080
12175,3,8081
12176,3,8080
12177,3,8081
12178,3,8080
12179,3,8081
12180,3,8080
12181,3,8081
12182,3,8080
12183,3,8081
12184,3,8080
12185,3,8081
12186,3,8080
12187,3,8081
12188,3,8080
12189,3,8081
12190,3,8080
12191,3,8081
12192,3,8080
12193,3,8081
12194,3,8080
12195,3,8081
12196,3,8080
12197,3,8081
12198,3,8080
12199,3,8081
12200,3,8080
12201,3,8081
12202,3,8080
12203,3,8081
12204,3,8080
12205,3,8081
12206,3,8080
12207,3,8081
12208,3,8080
12209,3,8081
12210,3,8080
12211,3,8081
12212,3,8080
12213,3,8081
12214,3,8080
12215,3,8081
12216,3,8080
12217,3,8081
12218,3,8080
12219,3,8081
12220,3,8080
12221,3,8081
12222,3,8080
12223,3,8081
12224,3,8080
12225,3,8081
12226,3,8080
12227,3,8081
12228,3,8080
12229,3,8081
12230,3,8080
12231,3,8081
12232,3,8080
12233,3,8081
12234,3,8080
12235,3,8081
12236,3,8080
12237,3,8081
12238,3,8080
12239,3,8081
12240,3,8080
12241,3,8081
12242,3,8080
12243,3,8081
12244,3,8080
12245,3,8081
12246,3,8080
12247,3,8081
12248,3,8080
12249,3,8081
12250,3,8080
12251,3,8081
12252,3,8080
12253,3,8081
12254,3,8080
12255,3,8081
12256,3,8080
12257,3,8081
12258,3,8080
12259,3,8081
12260,3,8080
12261,3,8081
12262,3,8080
12263,3,8081
12264,3,8080
12265,3,8081
12266,3,8080
12267,3,8081
12268,3,8080
12269,3,8081
12270,3,8080
12271,3,8081
12272,3,8080
12273,3,8081
12274,3,8080
12275,3,8081
12276,3,8080
12277,3,8081
12278,3,8080
12279,3,8081
12280,3,8080
12281,3,8081
12282,3,8080
12283,3,8081
12284,3,8080
12285,3,8081
12286,3,8080
12287,3,8081
12288,3,8080
12289,3,8081
12290,3,8080
12291,3,8081
12292,3,8080
12293,3,8081
12294,3,8080
12295,3,8081
12296,3,8080
12297,3,8081
12298,3,8080
12299,3,8081
12300,3,8080
12301,3,8081
12302,3,8080
12303,3,8081
12304,3,8080
12305,3,8081
12306,3,8080
12307,3,8081
12308,3,8080
12309,3,8081
12310,3,8080
12311,3,8081
12312,3,8080
12313,3,8081
12314,3,8080
12315,3,8081
12316,3,8080
12317,3,8081
12318,3,8080
12319,3,8081
12320,3,8080
12321,3,8081
12322,3,8080
12323,3,8081
12324,3,8080
12325,3,8081
12326,3,8080
12327,3,8081
12328,4,8080
12329,4,8081
12330,4,8080
12331,4,8081
12332,4,8080
12333,4,8081
12334,4,8080
12335,4,8081
12336,4,8080
12337,4,8081
12338,4,8080
12339,4,8081
12340,4,8080
12341,4,8081
12342,4,8080
12343,4,8081
12344,4,8080
12345,4,8081
12346,4,8080
12347,4,8081
12348,4,8080
12349,4,8081
12350,4,8080
12351,4,8081
12352,4,8080
12353,4,8081
12354,4,8080
12355,4,8081
12356,4,8080
12357,4,8081
12358,4,8080
12359,4,8081
12360,4,8080
12361,4,8081
12362,4,8080
12363,4,8081
12364,4,8080
12365,4,8081
12366,4,8080
12367,4,8081
12368,4,8080
12369,4,8081
12370,4,8080
12371,4,8081
12372,4,8080
12373,4,8081
12374,4,8080
12375,4,8081
12376,4,8080
12377,4,8081
12378,4,8080
12379,4,8081
12380,4,8080
12381,4,8081
12382,4,8080
12383,4,8081
12384,4,8080
12385,4,8081
12386,4,8080
12387,4,8081
12388,4,8080
12389,4,8081
12390,4,8080
12391,4,8081
12392,4,8080
12393,4,8081
12394,4,8080
12395,4,8081
12396,4,8080
12397,4,8081
12398,4,8080
12399,4,8081
12400,4,8080
12401,4,8081
12402,4,8080
12403,4,8081
12404,4,8080
12405,4,8081
12406,4,8080
12407,4,8081
12408,4,8080
12409,4,8081
12410,4,8080
12411,4,8081
12412,4,8080
12413,4,8081
12414,4,8080
12415,4,8081
12416,4,8080
12417,4,8081
12418,4,8080
12419,4,8081
12420,4,8080
12421,4,8081
12422,4,8080
12423,4,8081
12424,4,8080
12425,4,8081
12426,4,8080
12427,4,8081
12428,4,8080
12429,4,8081
12430,4,8080
12431,4,8081
12432,4,8080
12433,4,8081
12434,4,8080
12435,4,8081
12436,4,8080
12437,4,8081
12438,4,8080
12439,4,8081
12440,4,8080
12441,4,8081
12442,4,8080
12443,4,8081
12444,4,8080
12445,4,8081
12446,4,8080
12447,4,8081
12448,4,8080
12449,4,8081
12450,4,8080
12451,4,8081
12452,4,8080
12453,4,8081
12454,4,8080
12455,4,8081
12456,4,8080
12457,4,8081
12458,4,8080
12459,4,8081
12460,4,8080
12461,4,8081
12462,4,8080
12463,4,8081
12464,4,8080
12465,4,8081
12466,4,8080
12467,4,8081
12468,4,8080
12469,4,8081
12470,4,8080
12471,4,8081
12472,4,8080
12473,4,8081
12474,4,8080
12475,4,8081
12476,4,8080
12477,4,8081
12478,4,8080
12479,4,8081
12480,4,8080
12481,4,8081
12482,4,8080
12483,4,8081
12484,4,8080
12485,4,8081
12486,4,8080
12487,4,8081
12488,4,8080
12489,4,8081
12490,4,8080
12491,4,8081
12492,5,8080
12493,5,8081
12494,5,8080
12495,5,8081
12496,5,8080
12497,5,8081
12498,5,8080
12499,5,8081
12500,5,8080
12501,5,8081
12502,5,8080
12503,5,8081
12504,5,8080
12505,5,8081
12506,5,8080
12507,5,8081
12508,5,8080
12509,5,8081
12510,5,8080
12511,5,8081
12512,5,8080
12513,5,8081
12514,5,8080
12515,5,8081
12516,5,8080
12517,5,8081
12518,5,8080
12519,5,8081
12520,5,8080
12521,5,8081
12522,5,8080
12523,5,8081
12524,5,8080
12525,5,8081
12526,5,8080
12527,5,8081
12528,5,8080
12529,5,8081
12530,5,8080
12531,5,8081
12532,5,8080
12533,5,8081
12534,5,8080
12535,5,8081
12536,5,8080
12537,5,8081
12538,5,8080
12539,5,8081
12540,5,8080
12541,5,8081
12542,5,8080
12543,5,8081
12544,5,8080
12545,5,8081
12546,5,8080
12547,5,8081
12548,5,8080
12549,5,8081
12550,5,8080
12551,5,8081
12552,5,8080
12553,5,8081
12554,5,8080
12555,5,8081
12556,5,8080
12557,5,8081
12558,5,8080
12559,5,8081
12560,5,8080
12561,5,8081
12562,5,8080
12563,5,8081
12564,5,8080
12565,5,8081
12566,5,8080
12567,5,8081
12568,5,8080
12569,5,8081
12570,5,8080
12571,5,8081
12572,5,8080
12573,5,8081
12574,5,8080
12575,5,8081
12576,5,8080
12577,5,8081
12578,5,8080
12579,5,8081
12580,5,8080
12581,5,8081
12582,5,8080
12583,5,8081
12584,5,8080
12585,5,8081
12586,5,8080
12587,5,8081
12588,5,8080
12589,5,8081
12590,5,8080
12591,5,8081
12592,5,8080
12593,5,8081
12594,5,8080
12595,5,8081
12596,5,8080
12597,5,8081
12598,5,8080
12599,5,8081
12600,5,8080
12601,5,8081
12602,5,8080
12603,5,8081
12604,5,8080
12605,5,8081
12606,5,8080
12607,5,8081
12608,5,8080
12609,5,8081
12610,5,8080
12611,5,8081
12612,5,8080
12613,5,8081
12614,5,8080
12615,5,8081
12616,5,8080
12617,5,8081
12618,5,8080
12619,5,8081
12620,5,8080
12621,5,8081
12622,5,8080
12623,5,8081
12624,5,8080
12625,5,8081
12626,5,8080
12627,5,8081
12628,5,8080
12629,5,8081
12630,5,8080
12631,5,8081
12632,5,8080
12633,5,8081
12634,5,8080
12635,5,8081
12636,5,8080
12637,5,8081
12638,5,8080
12639,5,8081
12640,5,8080
12641,5,8081
12642,5,8080
12643,5,8081
12644,5,8080
12645,5,8081
12646,5,8080
12647,5,8081
12648,5,8080
12649,5,8081
12650,5,8080
12651,5,8081
12652,5,8080
12653,5,8081
12654,5,8080
12655,5,8081
12656,6,8080
12657,6,8081
12658,6,8080
12659,6,8081
12660,6,8080
12661,6,8081
12662,6,8080
12663,6,8081
12664,6,8080
12665,6,8081
12666,6,8080
12667,6,8081
12668,6,8080
12669,6,8081
12670,6,8080
12671,6,8081
12672,6,8080
12673,6,8081
12674,6,8080
12675,6,8081
12676,6,8080
12677,6,8081
12678,6,8080
12679,6,8081
12680,6,8080
12681,6,8081
12682,6,8080
12683,6,8081
12684,6,8080
12685,6,8081
12686,6,8080
12687,6,8081
12688,6,8080
12689,6,8081
12690,6,8080
12691,6,8081
12692,6,8080
12693,6,8081
12694,6,8080
12695,6,8081
12696,6,8080
12697,6,8081
12698,6,8080
12699,6,8081
12700,6,8080
12701,6,8081
12702,6,8080
12703,6,8081
12704,6,8080
12705,6,8081
12706,6,8080
12707,6,8081
12708,6,8080
12709,6,8081
12710,6,8080
12711,6,8081
12712,6,8080
12713,6,8081
12714,6,8080
12715,6,8081
12716,6,8080
12717,6,8081
12718,6,8080
12719,6,8081
12720,6,8080
12721,6,8081
12722,6,8080
12723,6,8081
12724,6,8080
12725,6,8081
12726,6,8080
12727,6,8081
12728,6,8080
12729,6,8081
12730,6,8080
12731,6,8081
12732,6,8080
12733,6,8081
12734,6,8080
12735,6,8081
12736,6,8080
12737,6,8081
12738,6,8080
12739,6,8081
12740,6,8080
12741,6,8081
12742,6,8080
12743,6,8081
12744,6,8080
12745,6,8081
12746,6,8080
12747,6,8081
12748,6,8080
12749,6,8081
12750,6,8080
12751,6,8081
12752,6,8080
12753,6,8081
12754,6,8080
12755,6,8081
12756,6,8080
12757,6,8081
12758,6,8080
12759,6,8081
12760,6,8080
12761,6,8081
12762,6,8080
12763,6,8081
12764,6,8080
12765,6,8081
12766,6,8080
12767,6,8081
12768,6,8080
12769,6,8081
12770,6,8080
12771,6,8081
12772,6,8080
12773,6,8081
12774,6,8080
12775,6,8081
12776,6,8080
12777,6,8081
12778,6,8080
12779,6,8081
12780,6,8080
12781,6,8081
12782,6,8080
12783,6,8081
12784,6,8080
12785,6,8081
12786,6,8080
12787,6,8081
12788,6,8080
12789,6,8081
12790,6,8080
12791,6,8081
12792,6,8080
12793,6,8081
12794,6,8080
12795,6,8081
12796,6,8080
12797,6,8081
12798,6,8080
12799,6,8081
12800,6,8080
12801,6,8081
12802,6,8080
12803,6,8081
12804,6,8080
12805,6,8081
12806,6,8080
12807,6,8081
12808,6,8080
12809,6,8081
12810,6,8080
12811,6,8081
12812,6,8080
12813,6,8081
12814,6,8080
12815,6,8081
12816,6,8080
12817,6,8081
12818,6,8080
12819,6,8081
12820,7,8080
12821,7,8081
12822,7,8080
12823,7,8081
12824,7,8080
12825,7,8081
12826,7,8080
12827,7,8081
12828,7,8080
12829,7,8081
12830,7,8080
12831,7,8081
12832,7,8080
12833,7,8081
12834,7,8080
12835,7,8081
12836,7,8080
12837,7,8081
12838,7,8080
12839,7,8081
12840,7,8080
12841,7,8081
12842,7,8080
12843,7,8081
12844,7,8080
12845,7,8081
12846,7,8080
12847,7,8081
12848,7,8080
12849,7,8081
12850,7,8080
12851,7,8081
12852,7,8080
12853,7,8081
12854,7,8080
12855,7,8081
12856,7,8080
12857,7,8081
12858,7,8080
12859,7,8081
12860,7,8080
12861,7,8081
12862,7,8080
12863,7,8081
12864,7,8080
12865,7,8081
12866,7,8080
12867,7,8081
12868,7,8080
12869,7,8081
12870,7,8080
12871,7,8081
12872,7,8080
12873,7,8081
12874,7,8080
12875,7,8081
12876,7,8080
12877,7,8081
12878,7,8080
12879,7,8081
12880,7,8080
12881,7,8081
12882,7,8080
12883,7,8081
12884,7,8080
12885,7,8081
12886,7,8080
12887,7,8081
12888,7,8080
12889,7,8081
12890,7,8080
12891,7,8081
12892,7,8080
12893,7,8081
12894,7,8080
12895,7,8081
12896,7,8080
12897,7,8081
12898,7,8080
12899,7,8081
12900,7,8080
12901,7,8081
12902,7,8080
12903,7,8081
12904,7,8080
12905,7,8081
12906,7,8080
12907,7,8081
12908,7,8080
12909,7,8081
12910,7,8080
12911,7,8081
12912,7,8080
12913,7,8081
12914,7,8080
12915,7,8081
12916,7,8080
12917,7,8081
12918,7,8080
12919,7,8081
12920,7,8080
12921,7,8081
12922,7,8080
12923,7,8081
12924,7,8080
12925,7,8081
12926,7,8080
12927,7,8081
12928,7,8080
12929,7,8081
12930,7,8080
12931,7,8081
12932,7,8080
12933,7,8081
12934,7,8080
12935,7,8081
12936,7,8080
12937,7,8081
12938,7,8080
12939,7,8081
12940,7,8080
12941,7,8081
12942,7,8080
12943,7,8081
12944,7,8080
12945,7,8081
12946,7,8080
12947,7,8081
12948,7,8080
12949,7,8081
12950,7,8080
12951,7,8081
12952,7,8080
12953,7,8081
12954,7,8080
12955,7,8081
12956,7,8080
12957,7,8081
12958,7,8080
12959,7,8081
12960,7,8080
12961,7,8081
12962,7,8080
12963,7,8081
12964,7,8080
12965,7,8081
12966,7,8080
12967,7,8081
12968,7,8080
12969,7,8081
12970,7,8080
12971,7,8081
12972,7,8080
12973,7,8081
12974,7,8080
12975,7,8081
12976,7,8080
12977,7,8081
12978,7,8080
12979,7,8081
12980,7,8080
12981,7,8081
12982,7,8080
12983,7,8081
12984,8,8080
12985,8,8081
12986,8,8080
12987,8,8081
12988,8,8080
12989,8,8081
12990,8,8080
12991,8,8081
12992,8,8080
12993,8,8081
12994,8,8080
12995,8,8081
12996,8,8080
12997,8,8081
12998,8,8080
12999,8,8081
13000,8,8080
13001,8,8081
13002,8,8080
13003,8,8081
13004,8,8080
13005,8,8081
13006,8,8080
13007,8,8081
13008,8,8080
13009,8,8081
13010,8,8080
13011,8,8081
13012,8,8080
13013,8,8081
13014,8,8080
13015,8,8081
13016,8,8080
13017,8,8081
13018,8,8080
13019,8,8081
13020,8,8080
13021,8,8081
13022,8,8080
13023,8,8081
13024,8,8080
13025,8,8081
13026,8,8080
13027,8,8081
13028,8,8080
13029,8,8081
13030,8,8080
13031,8,8081
13032,8,8080
13033,8,8081
13034,8,8080
13035,8,8081
13036,8,8080
13037,8,8081
13038,8,8080
13039,8,8081
13040,8,8080
13041,8,8081
13042,8,8080
13043,8,8081
13044,8,8080
13045,8,8081
13046,8,8080
13047,8,8081
13048,8,8080
13049,8,8081
13050,8,8080
13051,8,8081
13052,8,8080
13053,8,8081
13054,8,8080
13055,8,8081
13056,8,8080
13057,8,8081
13058,8,8080
13059,8,8081
13060,8,8080
13061,8,8081
13062,8,8080
13063,8,8081
13064,8,8080
13065,8,8081
13066,8,8080
13067,8,8081
13068,8,8080
13069,8,8081
13070,8,8080
13071,8,8081
13072,8,8080
13073,8,8081
13074,8,8080
13075,8,8081
13076,8,8080
13077,8,8081
13078,8,8080
13079,8,8081
13080,8,8080
13081,8,8081
13082,8,8080
13083,8,8081
13084,8,8080
13085,8,8081
13086,8,8080
13087,8,8081
13088,8,8080
13089,8,8081
13090,8,8080
13091,8,8081
13092,8,8080
13093,8,8081
13094,8,8080
13095,8,8081
13096,8,8080
13097,8,8081
13098,8,8080
13099,8,8081
13100,8,8080
13101,8,8081
13102,8,8080
13103,8,8081
13104,8,8080
13105,8,8081
13106,8,8080
13107,8,8081
13108,8,8080
13109,8,8081
13110,8,8080
13111,8,8081
13112,8,8080
13113,8,8081
13114,8,8080
13115,8,8081
13116,8,8080
13117,8,8081
13118,8,8080
13119,8,8081
13120,8,8080
13121,8,8081
13122,8,8080
13123,8,8081
13124,8,8080
13125,8,8081
13126,8,8080
13127,8,8081
13128,8,8080
13129,8,8081
13130,8,8080
13131,8,8081
13132,8,8080
13133,8,8081
13134,8,8080
13135,8,8081
13136,8,8080
13137,8,8081
13138,8,8080
13139,8,8081
13140,8,8080
13141,8,8081
13142,8,8080
13143,8,8081
13144,8,8080
13145,8,8081
13146,8,8080
13147,8,8081
13148,9,8080
13149,9,8081
13150,9,8080
13151,9,8081
13152,9,8080
13153,9,8081
13154,9,8080
13155,9,8081
13156,9,8080
13157,9,8081
13158,9,8080
13159,9,8081
13160,9,8080
13161,9,8081
13162,9,8080
13163,9,8081
13164,9,8080
13165,9,8081
13166,9,8080
13167,9,8081
13168,9,8080
13169,9,8081
13170,9,8080
13171,9,8081
13172,9,8080
13173,9,8081
13174,9,8080
13175,9,8081
13176,9,8080
13177,9,8081
13178,9,8080
13179,9,8081
13180,9,8080
13181,9,8081
13182,9,8080
13183,9,8081
13184,9,8080
13185,9,8081
13186,9,8080
13187,9,8081
13188,9,8080
13189,9,8081
13190,9,8080
13191,9,8081
13192,9,8080
13193,9,8081
13194,9,8080
13195,9,8081
13196,9,8080
13197,9,8081
13198,9,8080
13199,9,8081
13200,9,8080
13201,9,8081
13202,9,8080
13203,9,8081
13204,9,8080
13205,9,8081
13206,9,8080
13207,9,8081
13208,9,8080
13209,9,8081
13210,9,8080
13211,9,8081
13212,9,8080
13213,9,8081
13214,9,8080
13215,9,8081
13216,9,8080
13217,9,8081
13218,9,8080
13219,9,8081
13220,9,8080
13221,9,8081
13222,9,8080
13223,9,8081
13224,9,8080
13225,9,8081
13226,9,8080
13227,9,8081
13228,9,8080
13229,9,8081
13230,9,8080
13231,9,8081
13232,9,8080
13233,9,8081
13234,9,8080
13235,9,8081
13236,9,8080
13237,9,8081
13238,9,8080
13239,9,8081
13240,9,8080
13241,9,8081
13242,9,8080
13243,9,8081
13244,9,8080
13245,9,8081
13246,9,8080
13247,9,8081
13248,9,8080
13249,9,8081
13250,9,8080
13251,9,8081
13252,9,8080
13253,9,8081
13254,9,8080
13255,9,8081
13256,9,8080
13257,9,8081
13258,9,8080
13259,9,8081
13260,9,8080
13261,9,8081
13262,9,8080
13263,9,8081
13264,9,8080
13265,9,8081
13266,9,8080
13267,9,8081
13268,9,8080
13269,9,8081
13270,9,8080
13271,9,8081
13272,9,8080
13273,9,8081
13274,9,8080
13275,9,8081
13276,9,8080
13277,9,8081
13278,9,8080
13279,9,8081
13280,9,8080
13281,9,8081
13282,9,8080
13283,9,8081
13284,9,8080
13285,9,8081
13286,9,8080
13287,9,8081
13288,9,8080
13289,9,8081
13290,9,8080
13291,9,8081
13292,9,8080
13293,9,8081
13294,9,8080
13295,9,8081
13296,9,8080
13297,9,8081
13298,9,8080
13299,9,8081
13300,9,8080
13301,9,8081
13302,9,8080
13303,9,8081
13304,9,8080
13305,9,8081
13306,9,8080
13307,9,8081
13308,9,8080
13309,9,8081
13310,9,8080
13311,9,8081
13312,10,8080
13313,10,8081
13314,10,8080
13315,10,8081
13316,10,8080
13317,10,8081
13318,10,8080
13319,10,8081
13320,10,8080
13321,10,8081
13322,10,8080
13323,10,8081
13324,10,8080
13325,10,8081
13326,10,8080
13327,10,8081
13328,10,8080
13329,10,8081
13330,10,8080
13331,10,8081
13332,10,8080
13333,10,8081
13334,10,8080
13335,10,8081
13336,10,8080
13337,10,8081
13338,10,8080
13339,10,8081
13340,10,8080
13341,10,8081
13342,10,8080
13343,10,8081
13344,10,8080
13345,10,8081
13346,10,8080
13347,10,8081
13348,10,8080
13349,10,8081
13350,10,8080
13351,10,8081
13352,10,8080
13353,10,8081
13354,10,8080
13355,10,8081
13356,10,8080
13357,10,8081
13358,10,8080
13359,10,8081
13360,10,8080
13361,10,8081
13362,10,8080
13363,10,8081
13364,10,8080
13365,10,8081
13366,10,8080
13367,10,8081
13368,10,8080
13369,10,8081
13370,10,8080
13371,10,8081
13372,10,8080
13373,10,8081
13374,10,8080
13375,10,8081
13376,10,8080
13377,10,8081
13378,10,8080
13379,10,8081
13380,10,8080
13381,10,8081
13382,10,8080
13383,10,8081
13384,10,8080
13385,10,8081
13386,10,8080
13387,10,8081
13388,10,8080
13389,10,8081
13390,10,8080
13391,10,8081
13392,10,8080
13393,10,8081
13394,10,8080
13395,10,8081
13396,10,8080
13397,10,8081
13398,10,8080
13399,10,8081
13400,10,8080
13401,10,8081
13402,10,8080
13403,10,8081
13404,10,8080
13405,10,8081
13406,10,8080
13407,10,8081
13408,10,8080
13409,10,8081
13410,10,8080
13411,10,8081
13412,10,8080
13413,10,8081
13414,10,8080
13415,10,8081
13416,10,8080
13417,10,8081
13418,10,8080
13419,10,8081
13420,10,8080
13421,10,8081
13422,10,8080
13423,10,8081
13424,10,8080
13425,10,8081
13426,10,8080
13427,10,8081
13428,10,8080
13429,10,8081
13430,10,8080
13431,10,8081
13432,10,8080
13433,10,8081
13434,10,8080
13435,10,8081
13436,10,8080
13437,10,8081
13438,10,8080
13439,10,8081
13440,10,8080
13441,10,8081
13442,10,8080
13443,10,8081
13444,10,8080
13445,10,8081
13446,10,8080
13447,10,8081
13448,10,8080
13449,10,8081
13450,10,8080
13451,10,8081
13452,10,8080
13453,10,8081
13454,10,8080
13455,10,8081
13456,10,8080
13457,10,8081
13458,10,8080
13459,10,8081
13460,10,8080
13461,10,8081
13462,10,8080
13463,10,8081
13464,10,8080
13465,10,8081
13466,10,8080
13467,10,8081
13468,10,8080
13469,10,8081
13470,10,8080
13471,10,8081
13472,10,8080
13473,10,8081
13474,10,8080
13475,10,8081
13476,11,8080
13477,11,8081
13478,11,8080
13479,11,8081
13480,11,8080
13481,11,8081
13482,11,8080
13483,11,8081
13484,11,8080
13485,11,8081
13486,11,8080
13487,11,8081
13488,11,8080
13489,11,8081
13490,11,8080
13491,11,8081
13492,11,8080
13493,11,8081
13494,11,8080
13495,11,8081
13496,11,8080
13497,11,8081
13498,11,8080
13499,11,8081
13500,11,8080
13501,11,8081
13502,11,8080
13503,11,8081
13504,11,8080
13505,11,8081
13506,11,8080
13507,11,8081
13508,11,8080
13509,11,8081
13510,11,8080
13511,11,8081
13512,11,8080
13513,11,8081
13514,11,8080
13515,11,8081
13516,11,8080
13517,11,8081
13518,11,8080
13519,11,8081
13520,11,8080
13521,11,8081
13522,11,8080
13523,11,8081
13524,11,8080
13525,11,8081
13526,11,8080
13527,11,8081
13528,11,8080
13529,11,8081
13530,11,8080
13531,11,8081
13532,11,8080
13533,11,8081
13534,11,8080
13535,11,8081
13536,11,8080
13537,11,8081
13538,11,8080
13539,11,8081
13540,11,8080
13541,11,8081
13542,11,8080
13543,11,8081
13544,11,8080
13545,11,8081
13546,11,8080
13547,11,8081
13548,11,8080
13549,11,8081
13550,11,8080
13551,11,8081
13552,11,8080
13553,11,8081
13554,11,8080
13555,11,8081
13556,11,8080
13557,11,8081
13558,11,8080
13559,11,8081
13560,11,8080
13561,11,8081
13562,11,8080
13563,11,8081
13564,11,8080
13565,11,8081
13566,11,8080
13567,11,8081
13568,11,8080
13569,11,8081
13570,11,8080
13571,11,8081
13572,11,8080
13573,11,8081
13574,11,8080
13575,11,8081
13576,11,8080
13577,11,8081
13578,11,8080
13579,11,8081
13580,11,8080
13581,11,8081
13582,11,8080
13583,11,8081
13584,11,8080
13585,11,8081
13586,11,8080
13587,11,8081
13588,11,8080
13589,11,8081
13590,11,8080
13591,11,8081
13592,11,8080
13593,11,8081
13594,11,8080
13595,11,8081
13596,11,8080
13597,11,8081
13598,11,8080
13599,11,8081
13600,11,8080
13601,11,8081
13602,11,8080
13603,11,8081
13604,11,8080
13605,11,8081
13606,11,8080
13607,11,8081
13608,11,8080
13609,11,8081
13610,11,8080
13611,11,8081
13612,11,8080
13613,11,8081
13614,11,8080
13615,11,8081
13616,11,8080
13617,11,8081
13618,11,8080
13619,11,8081
13620,11,8080
13621,11,8081
13622,11,8080
13623,11,8081
13624,11,8080
13625,11,8081
13626,11,8080
13627,11,8081
13628,11,8080
13629,11,8081
13630,11,8080
13631,11,8081
13632,11,8080
13633,11,8081
13634,11,8080
13635,11,8081
13636,11,8080
13637,11,8081
13638,11,8080
13639,11,8081
13640,12,8080
13641,12,8081
13642,12,8080
13643,12,8081
13644,12,8080
13645,12,8081
13646,12,8080
13647,12,8081
13648,12,8080
13649,12,8081
13650,12,8080
13651,12,8081
13652,12,8080
13653,12,8081
13654,12,8080
13655,12,8081
13656,12,8080
13657,12,8081
13658,12,8080
13659,12,8081
13660,12,8080
13661,12,8081
13662,12,8080
13663,12,8081
13664,12,8080
13665,12,8081
13666,12,8080
13667,12,8081
13668,12,8080
13669,12,8081
13670,12,8080
13671,12,8081
13672,12,8080
13673,12,8081
13674,12,8080
13675,12,8081
13676,12,8080
13677,12,8081
13678,12,8080
13679,12,8081
13680,12,8080
13681,12,8081
13682,12,8080
13683,12,8081
13684,12,8080
13685,12,8081
13686,12,8080
13687,12,8081
13688,12,8080
13689,12,8081
13690,12,8080
13691,12,8081
13692,12,8080
13693,12,8081
13694,12,8080
13695,12,8081
13696,12,8080
13697,12,8081
13698,12,8080
13699,12,8081
13700,12,8080
13701,12,8081
13702,12,8080
13703,12,8081
13704,12,8080
13705,12,8081
13706,12,8080
13707,12,8081
13708,12,8080
13709,12,8081
13710,12,8080
13711,12,8081
13712,12,8080
13713,12,8081
13714,12,8080
13715,12,8081
13716,12,8080
13717,12,8081
13718,12,8080
13719,12,8081
13720,12,8080
13721,12,8081
13722,12,8080
13723,12,8081
13724,12,8080
13725,12,8081
13726,12,8080
13727,12,8081
13728,12,8080
13729,12,8081
13730,12,8080
13731,12,8081
13732,12,8080
13733,12,8081
13734,12,8080
13735,12,8081
13736,12,8080
13737,12,8081
13738,12,8080
13739,12,8081
13740,12,8080
13741,12,8081
13742,12,8080
13743,12,8081
13744,12,8080
13745,12,8081
13746,12,8080
13747,12,8081
13748,12,8080
13749,12,8081
13750,12,8080
13751,12,8081
13752,12,8080
13753,12,8081
13754,12,8080
13755,12,8081
13756,12,8080
13757,12,8081
13758,12,8080
13759,12,8081
13760,12,8080
13761,12,8081
13762,12,8080
13763,12,8081
13764,12,8080
13765,12,8081
13766,12,8080
13767,12,8081
13768,12,8080
13769,12,8081
13770,12,8080
13771,12,8081
13772,12,8080
13773,12,8081
13774,12,8080
13775,12,8081
13776,12,8080
13777,12,8081
13778,12,8080
13779,12,8081
13780,12,8080
13781,12,8081
13782,12,8080
13783,12,8081
13784,12,8080
13785,12,8081
13786,12,8080
13787,12,8081
13788,12,8080
13789,12,8081
13790,12,8080
13791,12,8081
13792,12,8080
13793,12,8081
13794,12,8080
13795,12,8081
13796,12,8080
13797,12,8081
13798,12,8080
13799,12,8081
13800,12,8080
13801,12,8081
13802,12,8080
13803,12,8081
13804,13,8080
13805,13,8081
13806,13,8080
13807,13,8081
13808,13,8080
13809,13,8081
13810,13,8080
13811,13,8081
13812,13,8080
13813,13,8081
13814,13,8080
13815,13,8081
13816,13,8080
13817,13,8081
13818,13,8080
13819,13,8081
13820,13,8080
13821,13,8081
13822,13,8080
13823,13,8081
13824,13,8080
13825,13,8081
13826,13,8080
13827,13,8081
13828,13,8080
13829,13,8081
13830,13,8080
13831,13,8081
13832,13,8080
13833,13,8081
13834,13,8080
13835,13,8081
13836,13,8080
13837,13,8081
13838,13,8080
13839,13,8081
13840,13,8080
13841,13,8081
13842,13,8080
13843,13,8081
13844,13,8080
13845,13,8081
13846,13,8080
13847,13,8081
13848,13,8080
13849,13,8081
13850,13,8080
13851,13,8081
13852,13,8080
13853,13,8081
13854,13,8080
13855,13,8081
13856,13,8080
13857,13,8081
13858,13,8080
13859,13,8081
13860,13,8080
13861,13,8081
13862,13,8080
13863,13,8081
13864,13,8080
13865,13,8081
13866,13,8080
13867,13,8081
13868,13,8080
13869,13,8081
13870,13,8080
13871,13,8081
13872,13,8080
13873,13,8081
13874,13,8080
13875,13,8081
13876,13,8080
13877,13,8081
13878,13,8080
13879,13,8081
13880,13,8080
13881,13,8081
13882,13,8080
13883,13,8081
13884,13,8080
13885,13,8081
13886,13,8080
13887,13,8081
13888,13,8080
13889,13,8081
13890,13,8080
13891,13,8081
13892,13,8080
13893,13,8081
13894,13,8080
13895,13,8081
13896,13,8080
13897,13,8081
13898,13,8080
13899,13,8081
13900,13,8080
13901,13,8081
13902,13,8080
13903,13,8081
13904,13,8080
13905,13,8081
13906,13,8080
13907,13,8081
13908,13,8080
13909,13,8081
13910,13,8080
13911,13,8081
13912,13,8080
13913,13,8081
13914,13,8080
13915,13,8081
13916,13,8080
13917,13,8081
13918,13,8080
13919,13,8081
13920,13,8080
13921,13,8081
13922,13,8080
13923,13,8081
13924,13,8080
13925,13,8081
13926,13,8080
13927,13,8081
13928,13,8080
13929,13,8081
13930,13,8080
13931,13,8081
13932,13,8080
13933,13,8081
13934,13,8080
13935,13,8081
13936,13,8080
13937,13,8081
13938,13,8080
13939,13,8081
13940,13,8080
13941,13,8081
13942,13,8080
13943,13,8081
13944,13,8080
13945,13,8081
13946,13,8080
13947,13,8081
13948,13,8080
13949,13,8081
13950,13,8080
13951,13,8081
13952,13,8080
13953,13,8081
13954,13,8080
13955,13,8081
13956,13,8080
13957,13,8081
13958,13,8080
13959,13,8081
13960,13,8080
13961,13,8081
13962,13,8080
13963,13,8081
13964,13,8080
13965,13,8081
13966,13,8080
13967,13,8081
13968,14,8080
13969,14,8081
13970,14,8080
13971,14,8081
13972,14,8080
13973,14,8081
13974,14,8080
13975,14,8081
13976,14,8080
13977,14,8081
13978,14,8080
13979,14,8081
13980,14,8080
13981,14,8081
13982,14,8080
13983,14,8081
13984,14,8080
13985,14,8081
13986,14,8080
13987,14,8081
13988,14,8080
13989,14,8081
13990,14,8080
13991,14,8081
13992,14,8080
13993,14,8081
13994,14,8080
13995,14,8081
13996,14,8080
13997,14,8081
13998,14,8080
13999,14,8081
14000,14,8080
14001,14,8081
14002,14,8080
14003,14,8081
14004,14,8080
14005,14,8081
14006,14,8080
14007,14,8081
14008,14,8080
14009,14,8081
14010,14,8080
14011,14,8081
14012,14,8080
14013,14,8081
14014,14,8080
14015,14,8081
14016,14,8080
14017,14,8081
14018,14,8080
14019,14,8081
14020,14,8080
14021,14,8081
14022,14,8080
14023,14,8081
14024,14,8080
14025,14,8081
14026,14,8080
14027,14,8081
14028,14,8080
14029,14,8081
14030,14,8080
14031,14,8081
14032,14,8080
14033,14,8081
14034,14,8080
14035,14,8081
14036,14,8080
14037,14,8081
14038,14,8080
14039,14,8081
14040,14,8080
14041,14,8081
14042,14,8080
14043,14,8081
14044,14,8080
14045,14,8081
14046,14,8080
14047,14,8081
14048,14,8080
14049,14,8081
14050,14,8080
14051,14,8081
14052,14,8080
14053,14,8081
14054,14,8080
14055,14,8081
14056,14,8080
14057,14,8081
14058,14,8080
14059,14,8081
14060,14,8080
14061,14,8081
14062,14,8080
14063,14,8081
14064,14,8080
14065,14,8081
14066,14,8080
14067,14,8081
14068,14,8080
14069,14,8081
14070,14,8080
14071,14,8081
14072,14,8080
14073,14,8081
14074,14,8080
14075,14,8081
14076,14,8080
14077,14,8081
14078,14,8080
14079,14,8081
14080,14,8080
14081,14,8081
14082,14,8080
14083,14,8081
14084,14,8080
14085,14,8081
14086,14,8080
14087,14,8081
14088,14,8080
14089,14,8081
14090,14,8080
14091,14,8081
14092,14,8080
14093,14,8081
14094,14,8080
14095,14,8081
14096,14,8080
14097,14,8081
14098,14,8080
14099,14,8081
14100,14,8080
14101,14,8081
14102,14,8080
14103,14,8081
14104,14,8080
14105,14,8081
14106,14,8080
14107,14,8081
14108,14,8080
14109,14,8081
14110,14,8080
14111,14,8081
14112,14,8080
14113,14,8081
14114,14,8080
14115,14,8081
14116,14,8080
14117,14,8081
14118,14,8080
14119,14,8081
14120,14,8080
14121,14,8081
14122,14,8080
14123,14,8081
14124,14,8080
14125,14,8081
14126,14,8080
14127,14,8081
14128,14,8080
14129,14,8081
14130,14,8080
14131,14,8081
14132,15,8080
14133,15,8081
14134,15,8080
14135,15,8081
14136,15,8080
14137,15,8081
14138,15,8080
14139,15,8081
14140,15,8080
14141,15,8081
14142,15,8080
14143,15,8081
14144,15,8080
14145,15,8081
14146,15,8080
14147,15,8081
14148,15,8080
14149,15,8081
14150,15,8080
14151,15,8081
14152,15,8080
14153,15,8081
14154,15,8080
14155,15,8081
14156,15,8080
14157,15,8081
14158,15,8080
14159,15,8081
14160,15,8080
14161,15,8081
14162,15,8080
14163,15,8081
14164,15,8080
14165,15,8081
14166,15,8080
14167,15,8081
14168,15,8080
14169,15,8081
14170,15,8080
14171,15,8081
14172,15,8080
14173,15,8081
14174,15,8080
14175,15,8081
14176,15,8080
14177,15,8081
14178,15,8080
14179,15,8081
14180,15,8080
14181,15,8081
14182,15,8080
14183,15,8081
14184,15,8080
14185,15,8081
14186,15,8080
14187,15,8081
14188,15,8080
14189,15,8081
14190,15,8080
14191,15,8081
14192,15,8080
14193,15,8081
14194,15,8080
14195,15,8081
14196,15,8080
14197,15,8081
14198,15,8080
14199,15,8081
14200,15,8080
14201,15,8081
14202,15,8080
14203,15,8081
14204,15,8080
14205,15,8081
14206,15,8080
14207,15,8081
14208,15,8080
14209,15,8081
14210,15,8080
14211,15,8081
14212,15,8080
14213,15,8081
14214,15,8080
14215,15,8081
14216,15,8080
14217,15,8081
14218,15,8080
14219,15,8081
14220,15,8080
14221,15,8081
14222,15,8080
14223,15,8081
14224,15,8080
14225,15,8081
14226,15,8080
14227,15,8081
14228,15,8080
14229,15,8081
14230,15,8080
14231,15,8081
14232,15,8080
14233,15,8081
14234,15,8080
14235,15,8081
14236,15,8080
14237,15,8081
14238,15,8080
14239,15,8081
14240,15,8080
14241,15,8081
14242,15,8080
14243,15,8081
14244,15,8080
14245,15,8081
14246,15,8080
14247,15,8081
14248,15,8080
14249,15,8081
14250,15,8080
14251,15,8081
14252,15,8080
14253,15,8081
14254,15,8080
14255,15,8081
14256,15,8080
14257,15,8081
14258,15,8080
14259,15,8081
14260,15,8080
14261,15,8081
14262,15,8080
14263,15,8081
14264,15,8080
14265,15,8081
14266,15,8080
14267,15,8081
14268,15,8080
14269,15,8081
14270,15,8080
14271,15,8081
14272,15,8080
14273,15,8081
14274,15,8080
14275,15,8081
14276,15,8080
14277,15,8081
14278,15,8080
14279,15,8081
14280,15,8080
14281,15,8081
14282,15,8080
14283,15,8081
14284,15,8080
14285,15,8081
14286,15,8080
14287,15,8081
14288,15,8080
14289,15,8081
14290,15,8080
14291,15,8081
14292,15,8080
14293,15,8081
14294,15,8080
14295,16,8081
14296,16,8080
14297,16,8081
14298,16,8080
14299,16,8081
14300,16,8080
14301,16,8081
14302,16,8080
14303,16,8081
14304,16,8080
14305,16,8081
14306,16,8080
14307,16,8081
14308,16,8080
14309,16,8081
14310,16,8080
14311,16,8081
14312,16,8080
14313,16,8081
14314,16,8080
14315,16,8081
14316,16,8080
14317,16,8081
14318,16,8080
14319,16,8081
14320,16,8080
14321,16,8081
14322,16,8080
14323,16,8081
14324,16,8080
14325,16,8081
14326,16,8080
14327,16,8081
14328,16,8080
14329,16,8081
14330,16,8080
14331,16,8081
14332,16,8080
14333,16,8081
14334,16,8080
14335,16,8081
14336,16,8080
14337,16,8081
14338,16,8080
14339,16,8081
14340,16,8080
14341,16,8081
14342,16,8080
14343,16,8081
14344,16,8080
14345,16,8081
14346,16,8080
14347,16,8081
14348,16,8080
14349,16,8081
14350,16,8080
14351,16,8081
14352,16,8080
14353,16,8081
14354,16,8080
14355,16,8081
14356,16,8080
14357,16,8081
14358,16,8080
14359,16,8081
14360,16,8080
14361,16,8081
14362,16,8080
14363,16,8081
14364,16,8080
14365,16,8081
14366,16,8080
14367,16,8081
14368,16,8080
14369,16,8081
14370,16,8080
14371,16,8081
14372,16,8080
14373,16,8081
14374,16,8080
14375,16,8081
14376,16,8080
14377,16,8081
14378,16,8080
14379,16,8081
14380,16,8080
14381,16,8081
14382,16,8080
14383,16,8081
14384,16,8080
14385,16,8081
14386,16,8080
14387,16,8081
14388,16,8080
14389,16,8081
14390,16,8080
14391,16,8081
14392,16,8080
14393,16,8081
14394,16,8080
14395,16,8081
14396,16,8080
14397,16,8081
14398,16,8080
14399,16,8081
14400,16,8080
14401,16,8081
14402,16,8080
14403,16,8081
14404,16,8080
14405,16,8081
14406,16,8080
14407,16,8081
14408,16,8080
14409,16,8081
14410,16,8080
14411,16,8081
14412,16,8080
14413,16,8081
14414,16,8080
14415,16,8081
14416,16,8080
14417,16,8081
14418,16,8080
14419,16,8081
14420,16,8080
14421,16,8081
14422,16,8080
14423,16,8081
14424,16,8080
14425,16,8081
14426,16,8080
14427,16,8081
14428,16,8080
14429,16,8081
14430,16,8080
14431,16,8081
14432,16,8080
14433,16,8081
14434,16,8080
14435,16,8081
14436,16,8080
14437,16,8081
14438,16,8080
14439,16,8081
14440,16,8080
14441,16,8081
14442,16,8080
14443,16,8081
14444,16,8080
14445,16,8081
14446,16,8080
14447,16,8081
14448,16,8080
14449,16,8081
14450,16,8080
14451,16,8081
14452,16,8080
14453,16,8081
14454,16,8080
14455,16,8081
14456,16,8080
14457,16,8081
14458,17,8080
14459,17,8081
14460,17,8080
14461,17,8081
14462,17,8080
14463,17,8081
14464,17,8080
14465,17,8081
14466,17,8080
14467,17,8081
14468,17,8080
14469,17,8081
14470,17,8080
14471,17,8081
14472,17,8080
14473,17,8081
14474,17,8080
14475,17,8081
14476,17,8080
14477,17,8081
14478,17,8080
14479,17,8081
14480,17,8080
14481,17,8081
14482,17,8080
14483,17,8081
14484,17,8080
14485,17,8081
14486,17,8080
14487,17,8081
14488,17,8080
14489,17,8081
14490,17,8080
14491,17,8081
14492,17,8080
14493,17,8081
14494,17,8080
14495,17,8081
14496,17,8080
14497,17,8081
14498,17,8080
14499,17,8081
14500,17,8080
14501,17,8081
14502,17,8080
14503,17,8081
14504,17,8080
14505,17,8081
14506,17,8080
14507,17,8081
14508,17,8080
14509,17,8081
14510,17,8080
14511,17,8081
14512,17,8080
14513,17,8081
14514,17,8080
14515,17,8081
14516,17,8080
14517,17,8081
14518,17,8080
14519,17,8081
14520,17,8080
14521,17,8081
14522,17,8080
14523,17,8081
14524,17,8080
14525,17,8081
14526,17,8080
14527,17,8081
14528,17,8080
14529,17,8081
14530,17,8080
14531,17,8081
14532,17,8080
14533,17,8081
14534,17,8080
14535,17,8081
14536,17,8080
14537,17,8081
14538,17,8080
14539,17,8081
14540,17,8080
14541,17,8081
14542,17,8080
14543,17,8081
14544,17,8080
14545,17,8081
14546,17,8080
14547,17,8081
14548,17,8080
14549,17,8081
14550,17,8080
14551,17,8081
14552,17,8080
14553,17,8081
14554,17,8080
14555,17,8081
14556,17,8080
14557,17,8081
14558,17,8080
14559,17,8081
14560,17,8080
14561,17,8081
14562,17,8080
14563,17,8081
14564,17,8080
14565,17,8081
14566,17,8080
14567,17,8081
14568,17,8080
14569,17,8081
14570,17,8080
14571,17,8081
14572,17,8080
14573,17,8081
14574,17,8080
14575,17,8081
14576,17,8080
14577,17,8081
14578,17,8080
14579,17,8081
14580,17,8080
14581,17,8081
14582,17,8080
14583,17,8081
14584,17,8080
14585,17,8081
14586,17,8080
14587,17,8081
14588,17,8080
14589,17,8081
14590,17,8080
14591,17,8081
14592,17,8080
14593,17,8081
14594,17,8080
14595,17,8081
14596,17,8080
14597,17,8081
14598,17,8080
14599,17,8081
14600,17,8080
14601,17,8081
14602,17,8080
14603,17,8081
14604,17,8080
14605,17,8081
14606,17,8080
14607,17,8081
14608,17,8080
14609,17,8081
14610,17,8080
14611,17,8081
14612,17,8080
14613,17,8081
14614,17,8080
14615,17,8081
14616,17,8080
14617,17,8081
14618,17,8080
14619,17,8081
14620,17,8080
14621,18,8081
14622,18,8080
14623,18,8081
14624,18,8080
14625,18,8081
14626,18,8080
14627,18,8081
14628,18,8080
14629,18,8081
14630,18,8080
14631,18,8081
14632,18,8080
14633,18,8081
14634,18,8080
14635,18,8081
14636,18,8080
14637,18,8081
14638,18,8080
14639,18,8081
14640,18,8080
14641,18,8081
14642,18,8080
14643,18,8081
14644,18,8080
14645,18,8081
14646,18,8080
14647,18,8081
14648,18,8080
14649,18,8081
14650,18,8080
14651,18,8081
14652,18,8080
14653,18,8081
14654,18,8080
14655,18,8081
14656,18,8080
14657,18,8081
14658,18,8080
14659,18,8081
14660,18,8080
14661,18,8081
14662,18,8080
14663,18,8081
14664,18,8080
14665,18,8081
14666,18,8080
14667,18,8081
14668,18,8080
14669,18,8081
14670,18,8080
14671,18,8081
14672,18,8080
14673,18,8081
14674,18,8080
14675,18,8081
14676,18,8080
14677,18,8081
14678,18,8080
14679,18,8081
14680,18,8080
14681,18,8081
14682,18,8080
14683,18,8081
14684,18,8080
14685,18,8081
14686,18,8080
14687,18,8081
14688,18,8080
14689,18,8081
14690,18,8080
14691,18,8081
14692,18,8080
14693,18,8081
14694,18,8080
14695,18,8081
14696,18,8080
14697,18,8081
14698,18,8080
14699,18,8081
14700,18,8080
14701,18,8081
14702,18,8080
14703,18,8081
14704,18,8080
14705,18,8081
14706,18,8080
14707,18,8081
14708,18,8080
14709,18,8081
14710,18,8080
14711,18,8081
14712,18,8080
14713,18,8081
14714,18,8080
14715,18,8081
14716,18,8080
14717,18,8081
14718,18,8080
14719,18,8081
14720,18,8080
14721,18,8081
14722,18,8080
14723,18,8081
14724,18,8080
14725,18,8081
14726,18,8080
14727,18,8081
14728,18,8080
14729,18,8081
14730,18,8080
14731,18,8081
14732,18,8080
14733,18,8081
14734,18,8080
14735,18,8081
14736,18,8080
14737,18,8081
14738,18,8080
14739,18,8081
14740,18,8080
14741,18,8081
14742,18,8080
14743,18,8081
14744,18,8080
14745,18,8081
14746,18,8080
14747,18,8081
14748,18,8080
14749,18,8081
14750,18,8080
14751,18,8081
14752,18,8080
14753,18,8081
14754,18,8080
14755,18,8081
14756,18,8080
14757,18,8081
14758,18,8080
14759,18,8081
14760,18,8080
14761,18,8081
14762,18,8080
14763,18,8081
14764,18,8080
14765,18,8081
14766,18,8080
14767,18,8081
14768,18,8080
14769,18,8081
14770,18,8080
14771,18,8081
14772,18,8080
14773,18,8081
14774,18,8080
14775,18,8081
14776,18,8080
14777,18,8081
14778,18,8080
14779,18,8081
14780,18,8080
14781,18,8081
14782,18,8080
14783,18,8081
14784,19,8080
14785,19,8081
14786,19,8080
14787,19,8081
14788,19,8080
14789,19,8081
14790,19,8080
14791,19,8081
14792,19,8080
14793,19,8081
14794,19,8080
14795,19,8081
14796,19,8080
14797,19,8081
14798,19,8080
14799,19,8081
14800,19,8080
14801,19,8081
14802,19,8080
14803,19,8081
14804,19,8080
14805,19,8081
14806,19,8080
14807,19,8081
14808,19,8080
14809,19,8081
14810,19,8080
14811,19,8081
14812,19,8080
14813,19,8081
14814,19,8080
14815,19,8081
14816,19,8080
14817,19,8081
14818,19,8080
14819,19,8081
14820,19,8080
14821,19,8081
14822,19,8080
14823,19,8081
14824,19,8080
14825,19,8081
14826,19,8080
14827,19,8081
14828,19,8080
14829,19,8081
14830,19,8080
14831,19,8081
14832,19,8080
14833,19,8081
14834,19,8080
14835,19,8081
14836,19,8080
14837,19,8081
14838,19,8080
14839,19,8081
14840,19,8080
14841,19,8081
14842,19,8080
14843,19,8081
14844,19,8080
14845,19,8081
14846,19,8080
14847,19,8081
14848,19,8080
14849,19,8081
14850,19,8080
14851,19,8081
14852,19,8080
14853,19,8081
14854,19,8080
14855,19,8081
14856,19,8080
14857,19,8081
14858,19,8080
14859,19,8081
14860,19,8080
14861,19,8081
14862,19,8080
14863,19,8081
14864,19,8080
14865,19,8081
14866,19,8080
14867,19,8081
14868,19,8080
14869,19,8081
14870,19,8080
14871,19,8081
14872,19,8080
14873,19,8081
14874,19,8080
14875,19,8081
14876,19,8080
14877,19,8081
14878,19,8080
14879,19,8081
14880,19,8080
14881,19,8081
14882,19,8080
14883,19,8081
14884,19,8080
14885,19,8081
14886,19,8080
14887,19,8081
14888,19,8080
14889,19,8081
14890,19,8080
14891,19,8081
14892,19,8080
14893,19,8081
14894,19,8080
14895,19,8081
14896,19,8080
14897,19,8081
14898,19,8080
14899,19,8081
14900,19,8080
14901,19,8081
14902,19,8080
14903,19,8081
14904,19,8080
14905,19,8081
14906,19,8080
14907,19,8081
14908,19,8080
14909,19,8081
14910,19,8080
14911,19,8081
14912,19,8080
14913,19,8081
14914,19,8080
14915,19,8081
14916,19,8080
14917,19,8081
14918,19,8080
14919,19,8081
14920,19,8080
14921,19,8081
14922,19,8080
14923,19,8081
14924,19,8080
14925,19,8081
14926,19,8080
14927,19,8081
14928,19,8080
14929,19,8081
14930,19,8080
14931,19,8081
14932,19,8080
14933,19,8081
14934,19,8080
14935,19,8081
14936,19,8080
14937,19,8081
14938,19,8080
14939,19,8081
14940,19,8080
14941,19,8081
14942,19,8080
14943,19,8081
14944,19,8080
14945,19,8081
14946,19,8080
14947,20,8081
14948,20,8080
14949,20,8081
14950,20,8080
14951,20,8081
14952,20,8080
14953,20,8081
14954,20,8080
14955,20,8081
14956,20,8080
14957,20,8081
14958,20,8080
14959,20,8081
14960,20,8080
14961,20,8081
14962,20,8080
14963,20,8081
14964,20,8080
14965,20,8081
14966,20,8080
14967,20,8081
14968,20,8080
14969,20,8081
14970,20,8080
14971,20,8081
14972,20,8080
14973,20,8081
14974,20,8080
14975,20,8081
14976,20,8080
14977,20,8081
14978,20,8080
14979,20,8081
14980,20,8080
14981,20,8081
14982,20,8080
14983,20,8081
14984,20,8080
14985,20,8081
14986,20,8080
14987,20,8081
14988,20,8080
14989,20,8081
14990,20,8080
14991,20,8081
14992,20,8080
14993,20,8081
14994,20,8080
14995,20,8081
14996,20,8080
14997,20,8081
14998,20,8080
14999,20,8081
15000,20,8080
15001,20,8081
15002,20,8080
15003,20,8081
15004,20,8080
15005,20,8081
15006,20,8080
15007,20,8081
15008,20,8080
15009,20,8081
15010,20,8080
15011,20,8081
15012,20,8080
15013,20,8081
15014,20,8080
15015,20,8081
15016,20,8080
15017,20,8081
15018,20,8080
15019,20,8081
15020,20,8080
15021,20,8081
15022,20,8080
15023,20,8081
15024,20,8080
15025,20,8081
15026,20,8080
15027,20,8081
15028,20,8080
15029,20,8081
15030,20,8080
15031,20,8081
15032,20,8080
15033,20,8081
15034,20,8080
15035,20,8081
15036,20,8080
15037,20,8081
15038,20,8080
15039,20,8081
15040,20,8080
15041,20,8081
15042,20,8080
15043,20,8081
15044,20,8080
15045,20,8081
15046,20,8080
15047,20,8081
15048,20,8080
15049,20,8081
15050,20,8080
15051,20,8081
15052,20,8080
15053,20,8081
15054,20,8080
15055,20,8081
15056,20,8080
15057,20,8081
15058,20,8080
15059,20,8081
15060,20,8080
15061,20,8081
15062,20,8080
15063,20,8081
15064,20,8080
15065,20,8081
15066,20,8080
15067,20,8081
15068,20,8080
15069,20,8081
15070,20,8080
15071,20,8081
15072,20,8080
15073,20,8081
15074,20,8080
15075,20,8081
15076,20,8080
15077,20,8081
15078,20,8080
15079,20,8081
15080,20,8080
15081,20,8081
15082,20,8080
15083,20,8081
15084,20,8080
15085,20,8081
15086,20,8080
15087,20,8081
15088,20,8080
15089,20,8081
15090,20,8080
15091,20,8081
15092,20,8080
15093,20,8081
15094,20,8080
15095,20,8081
15096,20,8080
15097,20,8081
15098,20,8080
15099,20,8081
15100,20,8080
15101,20,8081
15102,20,8080
15103,20,8081
15104,20,8080
15105,20,8081
15106,20,8080
15107,20,8081
15108,20,8080
15109,20,8081
15110,21,8080
15111,21,8081
15112,21,8080
15113,21,8081
15114,21,8080
15115,21,8081
15116,21,8080
15117,21,8081
15118,21,8080
15119,21,8081
15120,21,8080
15121,21,8081
15122,21,8080
15123,21,8081
15124,21,8080
15125,21,8081
15126,21,8080
15127,21,8081
15128,21,8080
15129,21,8081
15130,21,8080
15131,21,8081
15132,21,8080
15133,21,8081
15134,21,8080
15135,21,8081
15136,21,8080
15137,21,8081
15138,21,8080
15139,21,8081
15140,21,8080
15141,21,8081
15142,21,8080
15143,21,8081
15144,21,8080
15145,21,8081
15146,21,8080
15147,21,8081
15148,21,8080
15149,21,8081
15150,21,8080
15151,21,8081
15152,21,8080
15153,21,8081
15154,21,8080
15155,21,8081
15156,21,8080
15157,21,8081
15158,21,8080
15159,21,8081
15160,21,8080
15161,21,8081
15162,21,8080
15163,21,8081
15164,21,8080
15165,21,8081
15166,21,8080
15167,21,8081
15168,21,8080
15169,21,8081
15170,21,8080
15171,21,8081
15172,21,8080
15173,21,8081
15174,21,8080
15175,21,8081
15176,21,8080
15177,21,8081
15178,21,8080
15179,21,8081
15180,21,8080
15181,21,8081
15182,21,8080
15183,21,8081
15184,21,8080
15185,21,8081
15186,21,8080
15187,21,8081
15188,21,8080
15189,21,8081
15190,21,8080
15191,21,8081
15192,21,8080
15193,21,8081
15194,21,8080
15195,21,8081
15196,21,8080
15197,21,8081
15198,21,8080
15199,21,8081
15200,21,8080
15201,21,8081
15202,21,8080
15203,21,8081
15204,21,8080
15205,21,8081
15206,21,8080
15207,21,8081
15208,21,8080
15209,21,8081
15210,21,8080
15211,21,8081
15212,21,8080
15213,21,8081
15214,21,8080
15215,21,8081
15216,21,8080
15217,21,8081
15218,21,8080
15219,21,8081
15220,21,8080
15221,21,8081
15222,21,8080
15223,21,8081
15224,21,8080
15225,21,8081
15226,21,8080
15227,21,8081
15228,21,8080
15229,21,8081
15230,21,8080
15231,21,8081
15232,21,8080
15233,21,8081
15234,21,8080
15235,21,8081
15236,21,8080
15237,21,8081
15238,21,8080
15239,21,8081
15240,21,8080
15241,21,8081
15242,21,8080
15243,21,8081
15244,21,8080
15245,21,8081
15246,21,8080
15247,21,8081
15248,21,8080
15249,21,8081
15250,21,8080
15251,21,8081
15252,21,8080
15253,21,8081
15254,21,8080
15255,21,8081
15256,21,8080
15257,21,8081
15258,21,8080
15259,21,8081
15260,21,8080
15261,21,8081
15262,21,8080
15263,21,8081
15264,21,8080
15265,21,8081
15266,21,8080
15267,21,8081
15268,21,8080
15269,21,8081
15270,21,8080
15271,21,8081
15272,21,8080
15273,22,8081
15274,22,8080
15275,22,8081
15276,22,8080
15277,22,8081
15278,22,8080
15279,22,8081
15280,22,8080
15281,22,8081
15282,22,8080
15283,22,8081
15284,22,8080
15285,22,8081
15286,22,8080
15287,22,8081
15288,22,8080
15289,22,8081
15290,22,8080
15291,22,8081
15292,22,8080
15293,22,8081
15294,22,8080
15295,22,8081
15296,22,8080
15297,22,8081
15298,22,8080
15299,22,8081
15300,22,8080
15301,22,8081
15302,22,8080
15303,22,8081
15304,22,8080
15305,22,8081
15306,22,8080
15307,22,8081
15308,22,8080
15309,22,8081
15310,22,8080
15311,22,8081
15312,22,8080
15313,22,8081
15314,22,8080
15315,22,8081
15316,22,8080
15317,22,8081
15318,22,8080
15319,22,8081
15320,22,8080
15321,22,8081
15322,22,8080
15323,22,8081
15324,22,8080
15325,22,8081
15326,22,8080
15327,22,8081
15328,22,8080
15329,22,8081
15330,22,8080
15331,22,8081
15332,22,8080
15333,22,8081
15334,22,8080
15335,22,8081
15336,22,8080
15337,22,8081
15338,22,8080
15339,22,8081
15340,22,8080
15341,22,8081
15342,22,8080
15343,22,8081
15344,22,8080
15345,22,8081
15346,22,8080
15347,22,8081
15348,22,8080
15349,22,8081
15350,22,8080
15351,22,8081
15352,22,8080
15353,22,8081
15354,22,8080
15355,22,8081
15356,22,8080
15357,22,8081
15358,22,8080
15359,22,8081
15360,22,8080
15361,22,8081
15362,22,8080
15363,22,8081
15364,22,8080
15365,22,8081
15366,22,8080
15367,22,8081
15368,22,8080
15369,22,8081
15370,22,8080
15371,22,8081
15372,22,8080
15373,22,8081
15374,22,8080
15375,22,8081
15376,22,8080
15377,22,8081
15378,22,8080
15379,22,8081
15380,22,8080
15381,22,8081
15382,22,8080
15383,22,8081
15384,22,8080
15385,22,8081
15386,22,8080
15387,22,8081
15388,22,8080
15389,22,8081
15390,22,8080
15391,22,8081
15392,22,8080
15393,22,8081
15394,22,8080
15395,22,8081
15396,22,8080
15397,22,8081
15398,22,8080
15399,22,8081
15400,22,8080
15401,22,8081
15402,22,8080
15403,22,8081
15404,22,8080
15405,22,8081
15406,22,8080
15407,22,8081
15408,22,8080
15409,22,8081
15410,22,8080
15411,22,8081
15412,22,8080
15413,22,8081
15414,22,8080
15415,22,8081
15416,22,8080
15417,22,8081
15418,22,8080
15419,22,8081
15420,22,8080
15421,22,8081
15422,22,8080
15423,22,8081
15424,22,8080
15425,22,8081
15426,22,8080
15427,22,8081
15428,22,8080
15429,22,8081
15430,22,8080
15431,22,8081
15432,22,8080
15433,22,8081
15434,22,8080
15435,22,8081
15436,23,8080
15437,23,8081
15438,23,8080
15439,23,8081
15440,23,8080
15441,23,8081
15442,23,8080
15443,23,8081
15444,23,8080
15445,23,8081
15446,23,8080
15447,23,8081
15448,23,8080
15449,23,8081
15450,23,8080
15451,23,8081
15452,23,8080
15453,23,8081
15454,23,8080
15455,23,8081
15456,23,8080
15457,23,8081
15458,23,8080
15459,23,8081
15460,23,8080
15461,23,8081
15462,23,8080
15463,23,8081
15464,23,8080
15465,23,8081
15466,23,8080
15467,23,8081
15468,23,8080
15469,23,8081
15470,23,8080
15471,23,8081
15472,23,8080
15473,23,8081
15474,23,8080
15475,23,8081
15476,23,8080
15477,23,8081
15478,23,8080
15479,23,8081
15480,23,8080
15481,23,8081
15482,23,8080
15483,23,8081
15484,23,8080
15485,23,8081
15486,23,8080
15487,23,8081
15488,23,8080
15489,23,8081
15490,23,8080
15491,23,8081
15492,23,8080
15493,23,8081
15494,23,8080
15495,23,8081
15496,23,8080
15497,23,8081
15498,23,8080
15499,23,8081
15500,23,8080
15501,23,8081
15502,23,8080
15503,23,8081
15504,23,8080
15505,23,8081
15506,23,8080
15507,23,8081
15508,23,8080
15509,23,8081
15510,23,8080
15511,23,8081
15512,23,8080
15513,23,8081
15514,23,8080
15515,23,8081
15516,23,8080
15517,23,8081
15518,23,8080
15519,23,8081
15520,23,8080
15521,23,8081
15522,23,8080
15523,23,8081
15524,23,8080
15525,23,8081
15526,23,8080
15527,23,8081
15528,23,8080
15529,23,8081
15530,23,8080
15531,23,8081
15532,23,8080
15533,23,8081
15534,23,8080
15535,23,8081
15536,23,8080
15537,23,8081
15538,23,8080
15539,23,8081
15540,23,8080
15541,23,8081
15542,23,8080
15543,23,8081
15544,23,8080
15545,23,8081
15546,23,8080
15547,23,8081
15548,23,8080
15549,23,8081
15550,23,8080
15551,23,8081
15552,23,8080
15553,23,8081
15554,23,8080
15555,23,8081
15556,23,8080
15557,23,8081
15558,23,8080
15559,23,8081
15560,23,8080
15561,23,8081
15562,23,8080
15563,23,8081
15564,23,8080
15565,23,8081
15566,23,8080
15567,23,8081
15568,23,8080
15569,23,8081
15570,23,8080
15571,23,8081
15572,23,8080
15573,23,8081
15574,23,8080
15575,23,8081
15576,23,8080
15577,23,8081
15578,23,8080
15579,23,8081
15580,23,8080
15581,23,8081
15582,23,8080
15583,23,8081
15584,23,8080
15585,23,8081
15586,23,8080
15587,23,8081
15588,23,8080
15589,23,8081
15590,23,8080
15591,23,8081
15592,23,8080
15593,23,8081
15594,23,8080
15595,23,8081
15596,23,8080
15597,23,8081
15598,23,8080
15599,24,8081
15600,24,8080
15601,24,8081
15602,24,8080
15603,24,8081
15604,24,8080
15605,24,8081
15606,24,8080
15607,24,8081
15608,24,8080
15609,24,8081
15610,24,8080
15611,24,8081
15612,24,8080
15613,24,8081
15614,24,8080
15615,24,8081
15616,24,8080
15617,24,8081
15618,24,8080
15619,24,8081
15620,24,8080
15621,24,8081
15622,24,8080
15623,24,8081
15624,24,8080
15625,24,8081
15626,24,8080
15627,24,8081
15628,24,8080
15629,24,8081
15630,24,8080
15631,24,8081
15632,24,8080
15633,24,8081
15634,24,8080
15635,24,8081
15636,24,8080
15637,24,8081
15638,24,8080
15639,24,8081
15640,24,8080
15641,24,8081
15642,24,8080
15643,24,8081
15644,24,8080
15645,24,8081
15646,24,8080
15647,24,8081
15648,24,8080
15649,24,8081
15650,24,8080
15651,24,8081
15652,24,8080
15653,24,8081
15654,24,8080
15655,24,8081
15656,24,8080
15657,24,8081
15658,24,8080
15659,24,8081
15660,24,8080
15661,24,8081
15662,24,8080
15663,24,8081
15664,24,8080
15665,24,8081
15666,24,8080
15667,24,8081
15668,24,8080
15669,24,8081
15670,24,8080
15671,24,8081
15672,24,8080
15673,24,8081
15674,24,8080
15675,24,8081
15676,24,8080
15677,24,8081
15678,24,8080
15679,24,8081
15680,24,8080
15681,24,8081
15682,24,8080
15683,24,8081
15684,24,8080
15685,24,8081
15686,24,8080
15687,24,8081
15688,24,8080
15689,24,8081
15690,24,8080
15691,24,8081
15692,24,8080
15693,24,8081
15694,24,8080
15695,24,8081
15696,24,8080
15697,24,8081
15698,24,8080
15699,24,8081
15700,24,8080
15701,24,8081
15702,24,8080
15703,24,8081
15704,24,8080
15705,24,8081
15706,24,8080
15707,24,8081
15708,24,8080
15709,24,8081
15710,24,8080
15711,24,8081
15712,24,8080
15713,24,8081
15714,24,8080
15715,24,8081
15716,24,8080
15717,24,8081
15718,24,8080
15719,24,8081
15720,24,8080
15721,24,8081
15722,24,8080
15723,24,8081
15724,24,8080
15725,24,8081
15726,24,8080
15727,24,8081
15728,24,8080
15729,24,8081
15730,24,8080
15731,24,8081
15732,24,8080
15733,24,8081
15734,24,8080
15735,24,8081
15736,24,8080
15737,24,8081
15738,24,8080
15739,24,8081
15740,24,8080
15741,24,8081
15742,24,8080
15743,24,8081
15744,24,8080
15745,24,8081
15746,24,8080
15747,24,8081
15748,24,8080
15749,24,8081
15750,24,8080
15751,24,8081
15752,24,8080
15753,24,8081
15754,24,8080
15755,24,8081
15756,24,8080
15757,24,8081
15758,24,8080
15759,24,8081
15760,24,8080
15761,24,8081
15762,25,8080
15763,25,8081
15764,25,8080
15765,25,8081
15766,25,8080
15767,25,8081
15768,25,8080
15769,25,8081
15770,25,8080
15771,25,8081
15772,25,8080
15773,25,8081
15774,25,8080
15775,25,8081
15776,25,8080
15777,25,8081
15778,25,8080
15779,25,8081
15780,25,8080
15781,25,8081
15782,25,8080
15783,25,8081
15784,25,8080
15785,25,8081
15786,25,8080
15787,25,8081
15788,25,8080
15789,25,8081
15790,25,8080
15791,25,8081
15792,25,8080
15793,25,8081
15794,25,8080
15795,25,8081
15796,25,8080
15797,25,8081
15798,25,8080
15799,25,8081
15800,25,8080
15801,25,8081
15802,25,8080
15803,25,8081
15804,25,8080
15805,25,8081
15806,25,8080
15807,25,8081
15808,25,8080
15809,25,8081
15810,25,8080
15811,25,8081
15812,25,8080
15813,25,8081
15814,25,8080
15815,25,8081
15816,25,8080
15817,25,8081
15818,25,8080
15819,25,8081
15820,25,8080
15821,25,8081
15822,25,8080
15823,25,8081
15824,25,8080
15825,25,8081
15826,25,8080
15827,25,8081
15828,25,8080
15829,25,8081
15830,25,8080
15831,25,8081
15832,25,8080
15833,25,8081
15834,25,8080
15835,25,8081
15836,25,8080
15837,25,8081
15838,25,8080
15839,25,8081
15840,25,8080
15841,25,8081
15842,25,8080
15843,25,8081
15844,25,8080
15845,25,8081
15846,25,8080
15847,25,8081
15848,25,8080
15849,25,8081
15850,25,8080
15851,25,8081
15852,25,8080
15853,25,8081
15854,25,8080
15855,25,8081
15856,25,8080
15857,25,8081
15858,25,8080
15859,25,8081
15860,25,8080
15861,25,8081
15862,25,8080
15863,25,8081
15864,25,8080
15865,25,8081
15866,25,8080
15867,25,8081
15868,25,8080
15869,25,8081
15870,25,8080
15871,25,8081
15872,25,8080
15873,25,8081
15874,25,8080
15875,25,8081
15876,25,8080
15877,25,8081
15878,25,8080
15879,25,8081
15880,25,8080
15881,25,8081
15882,25,8080
15883,25,8081
15884,25,8080
15885,25,8081
15886,25,8080
15887,25,8081
15888,25,8080
15889,25,8081
15890,25,8080
15891,25,8081
15892,25,8080
15893,25,8081
15894,25,8080
15895,25,8081
15896,25,8080
15897,25,8081
15898,25,8080
15899,25,8081
15900,25,8080
15901,25,8081
15902,25,8080
15903,25,8081
15904,25,8080
15905,25,8081
15906,25,8080
15907,25,8081
15908,25,8080
15909,25,8081
15910,25,8080
15911,25,8081
15912,25,8080
15913,25,8081
15914,25,8080
15915,25,8081
15916,25,8080
15917,25,8081
15918,25,8080
15919,25,8081
15920,25,8080
15921,25,8081
15922,25,8080
15923,25,8081
15924,25,8080
15925,26,8081
15926,26,8080
15927,26,8081
15928,26,8080
15929,26,8081
15930,26,8080
15931,26,8081
15932,26,8080
15933,26,8081
15934,26,8080
15935,26,8081
15936,26,8080
15937,26,8081
15938,26,8080
15939,26,8081
15940,26,8080
15941,26,8081
15942,26,8080
15943,26,8081
15944,26,8080
15945,26,8081
15946,26,8080
15947,26,8081
15948,26,8080
15949,26,8081
15950,26,8080
15951,26,8081
15952,26,8080
15953,26,8081
15954,26,8080
15955,26,8081
15956,26,8080
15957,26,8081
15958,26,8080
15959,26,8081
15960,26,8080
15961,26,8081
15962,26,8080
15963,26,8081
15964,26,8080
15965,26,8081
15966,26,8080
15967,26,8081
15968,26,8080
15969,26,8081
15970,26,8080
15971,26,8081
15972,26,8080
15973,26,8081
15974,26,8080
15975,26,8081
15976,26,8080
15977,26,8081
15978,26,8080
15979,26,8081
15980,26,8080
15981,26,8081
15982,26,8080
15983,26,8081
15984,26,8080
15985,26,8081
15986,26,8080
15987,26,8081
15988,26,8080
15989,26,8081
15990,26,8080
15991,26,8081
15992,26,8080
15993,26,8081
15994,26,8080
15995,26,8081
15996,26,8080
15997,26,8081
15998,26,8080
15999,26,8081
16000,26,8080
16001,26,8081
16002,26,8080
16003,26,8081
16004,26,8080
16005,26,8081
16006,26,8080
16007,26,8081
16008,26,8080
16009,26,8081
16010,26,8080
16011,26,8081
16012,26,8080
16013,26,8081
16014,26,8080
16015,26,8081
16016,26,8080
16017,26,8081
16018,26,8080
16019,26,8081
16020,26,8080
16021,26,8081
16022,26,8080
16023,26,8081
16024,26,8080
16025,26,8081
16026,26,8080
16027,26,8081
16028,26,8080
16029,26,8081
16030,26,8080
16031,26,8081
16032,26,8080
16033,26,8081
16034,26,8080
16035,26,8081
16036,26,8080
16037,26,8081
16038,26,8080
16039,26,8081
16040,26,8080
16041,26,8081
16042,26,8080
16043,26,8081
16044,26,8080
16045,26,8081
16046,26,8080
16047,26,8081
16048,26,8080
16049,26,8081
16050,26,8080
16051,26,8081
16052,26,8080
16053,26,8081
16054,26,8080
16055,26,8081
16056,26,8080
16057,26,8081
16058,26,8080
16059,26,8081
16060,26,8080
16061,26,8081
16062,26,8080
16063,26,8081
16064,26,8080
16065,26,8081
16066,26,8080
16067,26,8081
16068,26,8080
16069,26,8081
16070,26,8080
16071,26,8081
16072,26,8080
16073,26,8081
16074,26,8080
16075,26,8081
16076,26,8080
16077,26,8081
16078,26,8080
16079,26,8081
16080,26,8080
16081,26,8081
16082,26,8080
16083,26,8081
16084,26,8080
16085,26,8081
16086,26,8080
16087,26,8081
16088,27,8080
16089,27,8081
16090,27,8080
16091,27,8081
16092,27,8080
16093,27,8081
16094,27,8080
16095,27,8081
16096,27,8080
16097,27,8081
16098,27,8080
16099,27,8081
16100,27,8080
16101,27,8081
16102,27,8080
16103,27,8081
16104,27,8080
16105,27,8081
16106,27,8080
16107,27,8081
16108,27,8080
16109,27,8081
16110,27,8080
16111,27,8081
16112,27,8080
16113,27,8081
16114,27,8080
16115,27,8081
16116,27,8080
16117,27,8081
16118,27,8080
16119,27,8081
16120,27,8080
16121,27,8081
16122,27,8080
16123,27,8081
16124,27,8080
16125,27,8081
16126,27,8080
16127,27,8081
16128,27,8080
16129,27,8081
16130,27,8080
16131,27,8081
16132,27,8080
16133,27,8081
16134,27,8080
16135,27,8081
16136,27,8080
16137,27,8081
16138,27,8080
16139,27,8081
16140,27,8080
16141,27,8081
16142,27,8080
16143,27,8081
16144,27,8080
16145,27,8081
16146,27,8080
16147,27,8081
16148,27,8080
16149,27,8081
16150,27,8080
16151,27,8081
16152,27,8080
16153,27,8081
16154,27,8080
16155,27,8081
16156,27,8080
16157,27,8081
16158,27,8080
16159,27,8081
16160,27,8080
16161,27,8081
16162,27,8080
16163,27,8081
16164,27,8080
16165,27,8081
16166,27,8080
16167,27,8081
16168,27,8080
16169,27,8081
16170,27,8080
16171,27,8081
16172,27,8080
16173,27,8081
16174,27,8080
16175,27,8081
16176,27,8080
16177,27,8081
16178,27,8080
16179,27,8081
16180,27,8080
16181,27,8081
16182,27,8080
16183,27,8081
16184,27,8080
16185,27,8081
16186,27,8080
16187,27,8081
16188,27,8080
16189,27,8081
16190,27,8080
16191,27,8081
16192,27,8080
16193,27,8081
16194,27,8080
16195,27,8081
16196,27,8080
16197,27,8081
16198,27,8080
16199,27,8081
16200,27,8080
16201,27,8081
16202,27,8080
16203,27,8081
16204,27,8080
16205,27,8081
16206,27,8080
16207,27,8081
16208,27,8080
16209,27,8081
16210,27,8080
16211,27,8081
16212,27,8080
16213,27,8081
16214,27,8080
16215,27,8081
16216,27,8080
16217,27,8081
16218,27,8080
16219,27,8081
16220,27,8080
16221,27,8081
16222,27,8080
16223,27,8081
16224,27,8080
16225,27,8081
16226,27,8080
16227,27,8081
16228,27,8080
16229,27,8081
16230,27,8080
16231,27,8081
16232,27,8080
16233,27,8081
16234,27,8080
16235,27,8081
16236,27,8080
16237,27,8081
16238,27,8080
16239,27,8081
16240,27,8080
16241,27,8081
16242,27,8080
16243,27,8081
16244,27,8080
16245,27,8081
16246,27,8080
16247,27,8081
16248,27,8080
16249,27,8081
16250,27,8080
16251,28,8081
16252,28,8080
16253,28,8081
16254,28,8080
16255,28,8081
16256,28,8080
16257,28,8081
16258,28,8080
16259,28,8081
16260,28,8080
16261,28,8081
16262,28,8080
16263,28,8081
16264,28,8080
16265,28,8081
16266,28,8080
16267,28,8081
16268,28,8080
16269,28,8081
16270,28,8080
16271,28,8081
16272,28,8080
16273,28,8081
16274,28,8080
16275,28,8081
16276,28,8080
16277,28,8081
16278,28,8080
16279,28,8081
16280,28,8080
16281,28,8081
16282,28,8080
16283,28,8081
16284,28,8080
16285,28,8081
16286,28,8080
16287,28,8081
16288,28,8080
16289,28,8081
16290,28,8080
16291,28,8081
16292,28,8080
16293,28,8081
16294,28,8080
16295,28,8081
16296,28,8080
16297,28,8081
16298,28,8080
16299,28,8081
16300,28,8080
16301,28,8081
16302,28,8080
16303,28,8081
16304,28,8080
16305,28,8081
16306,28,8080
16307,28,8081
16308,28,8080
16309,28,8081
16310,28,8080
16311,28,8081
16312,28,8080
16313,28,8081
16314,28,8080
16315,28,8081
16316,28,8080
16317,28,8081
16318,28,8080
16319,28,8081
16320,28,8080
16321,28,8081
16322,28,8080
16323,28,8081
16324,28,8080
16325,28,8081
16326,28,8080
16327,28,8081
16328,28,8080
16329,28,8081
16330,28,8080
16331,28,8081
16332,28,8080
16333,28,8081
16334,28,8080
16335,28,8081
16336,28,8080
16337,28,8081
16338,28,8080
16339,28,8081
16340,28,8080
16341,28,8081
16342,28,8080
16343,28,8081
16344,28,8080
16345,28,8081
16346,28,8080
16347,28,8081
16348,28,8080
16349,28,8081
16350,28,8080
16351,28,8081
16352,28,8080
16353,28,8081
16354,28,8080
16355,28,8081
16356,28,8080
16357,28,8081
16358,28,8080
16359,28,8081
16360,28,8080
16361,28,8081
16362,28,8080
16363,28,8081
16364,28,8080
16365,28,8081
16366,28,8080
16367,28,8081
16368,28,8080
16369,28,8081
16370,28,8080
16371,28,8081
16372,28,8080
16373,28,8081
16374,28,8080
16375,28,8081
16376,28,8080
16377,28,8081
16378,28,8080
16379,28,8081
16380,28,8080
16381,28,8081
16382,28,8080
16383,28,8081
16384,28,8080
16385,28,8081
16386,28,8080
16387,28,8081
16388,28,8080
16389,28,8081
16390,28,8080
16391,28,8081
16392,28,8080
16393,28,8081
16394,28,8080
16395,28,8081
16396,28,8080
16397,28,8081
16398,28,8080
16399,28,8081
16400,28,8080
16401,28,8081
16402,28,8080
16403,28,8081
16404,28,8080
16405,28,8081
16406,28,8080
16407,28,8081
16408,28,8080
16409,28,8081
16410,28,8080
16411,28,8081
16412,28,8080
16413,28,8081
16414,29,8080
16415,29,8081
16416,29,8080
16417,29,8081
16418,29,8080
16419,29,8081
16420,29,8080
16421,29,8081
16422,29,8080
16423,29,8081
16424,29,8080
16425,29,8081
16426,29,8080
16427,29,8081
16428,29,8080
16429,29,8081
16430,29,8080
16431,29,8081
16432,29,8080
16433,29,8081
16434,29,8080
16435,29,8081
16436,29,8080
16437,29,8081
16438,29,8080
16439,29,8081
16440,29,8080
16441,29,8081
16442,29,8080
16443,29,8081
16444,29,8080
16445,29,8081
16446,29,8080
16447,29,8081
16448,29,8080
16449,29,8081
16450,29,8080
16451,29,8081
16452,29,8080
16453,29,8081
16454,29,8080
16455,29,8081
16456,29,8080
16457,29,8081
16458,29,8080
16459,29,8081
16460,29,8080
16461,29,8081
16462,29,8080
16463,29,8081
16464,29,8080
16465,29,8081
16466,29,8080
16467,29,8081
16468,29,8080
16469,29,8081
16470,29,8080
16471,29,8081
16472,29,8080
16473,29,8081
16474,29,8080
16475,29,8081
16476,29,8080
16477,29,8081
16478,29,8080
16479,29,8081
16480,29,8080
16481,29,8081
16482,29,8080
16483,29,8081
16484,29,8080
16485,29,8081
16486,29,8080
16487,29,8081
16488,29,8080
16489,29,8081
16490,29,8080
16491,29,8081
16492,29,8080
16493,29,8081
16494,29,8080
16495,29,8081
16496,29,8080
16497,29,8081
16498,29,8080
16499,29,8081
16500,29,8080
16501,29,8081
16502,29,8080
16503,29,8081
16504,29,8080
16505,29,8081
16506,29,8080
16507,29,8081
16508,29,8080
16509,29,8081
16510,29,8080
16511,29,8081
16512,29,8080
16513,29,8081
16514,29,8080
16515,29,8081
16516,29,8080
16517,29,8081
16518,29,8080
16519,29,8081
16520,29,8080
16521,29,8081
16522,29,8080
16523,29,8081
16524,29,8080
16525,29,8081
16526,29,8080
16527,29,8081
16528,29,8080
16529,29,8081
16530,29,8080
16531,29,8081
16532,29,8080
16533,29,8081
16534,29,8080
16535,29,8081
16536,29,8080
16537,29,8081
16538,29,8080
16539,29,8081
16540,29,8080
16541,29,8081
16542,29,8080
16543,29,8081
16544,29,8080
16545,29,8081
16546,29,8080
16547,29,8081
16548,29,8080
16549,29,8081
16550,29,8080
16551,29,8081
16552,29,8080
16553,29,8081
16554,29,8080
16555,29,8081
16556,29,8080
16557,29,8081
16558,29,8080
16559,29,8081
16560,29,8080
16561,29,8081
16562,29,8080
16563,29,8081
16564,29,8080
16565,29,8081
16566,29,8080
16567,29,8081
16568,29,8080
16569,29,8081
16570,29,8080
16571,29,8081
16572,29,8080
16573,29,8081
16574,29,8080
16575,29,8081
16576,29,8080
16577,30,8081
16578,30,8080
16579,30,8081
16580,30,8080
16581,30,8081
16582,30,8080
16583,30,8081
16584,30,8080
16585,30,8081
16586,30,8080
16587,30,8081
16588,30,8080
16589,30,8081
16590,30,8080
16591,30,8081
16592,30,8080
16593,30,8081
16594,30,8080
16595,30,8081
16596,30,8080
16597,30,8081
16598,30,8080
16599,30,8081
16600,30,8080
16601,30,8081
16602,30,8080
16603,30,8081
16604,30,8080
16605,30,8081
16606,30,8080
16607,30,8081
16608,30,8080
16609,30,8081
16610,30,8080
16611,30,8081
16612,30,8080
16613,30,8081
16614,30,8080
16615,30,8081
16616,30,8080
16617,30,8081
16618,30,8080
16619,30,8081
16620,30,8080
16621,30,8081
16622,30,8080
16623,30,8081
16624,30,8080
16625,30,8081
16626,30,8080
16627,30,8081
16628,30,8080
16629,30,8081
16630,30,8080
16631,30,8081
16632,30,8080
16633,30,8081
16634,30,8080
16635,30,8081
16636,30,8080
16637,30,8081
16638,30,8080
16639,30,8081
16640,30,8080
16641,30,8081
16642,30,8080
16643,30,8081
16644,30,8080
16645,30,8081
16646,30,8080
16647,30,8081
16648,30,8080
16649,30,8081
16650,30,8080
16651,30,8081
16652,30,8080
16653,30,8081
16654,30,8080
16655,30,8081
16656,30,8080
16657,30,8081
16658,30,8080
16659,30,8081
16660,30,8080
16661,30,8081
16662,30,8080
16663,30,8081
16664,30,8080
16665,30,8081
16666,30,8080
16667,30,8081
16668,30,8080
16669,30,8081
16670,30,8080
16671,30,8081
16672,30,8080
16673,30,8081
16674,30,8080
16675,30,8081
16676,30,8080
16677,30,8081
16678,30,8080
16679,30,8081
16680,30,8080
16681,30,8081
16682,30,8080
16683,30,8081
16684,30,8080
16685,30,8081
16686,30,8080
16687,30,8081
16688,30,8080
16689,30,8081
16690,30,8080
16691,30,8081
16692,30,8080
16693,30,8081
16694,30,8080
16695,30,8081
16696,30,8080
16697,30,8081
16698,30,8080
16699,30,8081
16700,30,8080
16701,30,8081
16702,30,8080
16703,30,8081
16704,30,8080
16705,30,8081
16706,30,8080
16707,30,8081
16708,30,8080
16709,30,8081
16710,30,8080
16711,30,8081
16712,30,8080
16713,30,8081
16714,30,8080
16715,30,8081
16716,30,8080
16717,30,8081
16718,30,8080
16719,30,8081
16720,30,8080
16721,30,8081
16722,30,8080
16723,30,8081
16724,30,8080
16725,30,8081
16726,30,8080
16727,30,8081
16728,30,8080
16729,30,8081
16730,30,8080
16731,30,8081
16732,30,8080
16733,30,8081
16734,30,8080
16735,30,8081
16736,30,8080
16737,30,8081
16738,30,8080
16739,30,8081
16740,31,8080
16741,31,8081
16742,31,8080
16743,31,8081
16744,31,8080
16745,31,8081
16746,31,8080
16747,31,8081
16748,31,8080
16749,31,8081
16750,31,8080
16751,31,8081
16752,31,8080
16753,31,8081
16754,31,8080
16755,31,8081
16756,31,8080
16757,31,8081
16758,31,8080
16759,31,8081
16760,31,8080
16761,31,8081
16762,31,8080
16763,31,8081
16764,31,8080
16765,31,8081
16766,31,8080
16767,31,8081
16768,31,8080
16769,31,8081
16770,31,8080
16771,31,8081
16772,31,8080
16773,31,8081
16774,31,8080
16775,31,8081
16776,31,8080
16777,31,8081
16778,31,8080
16779,31,8081
16780,31,8080
16781,31,8081
16782,31,8080
16783,31,8081
16784,31,8080
16785,31,8081
16786,31,8080
16787,31,8081
16788,31,8080
16789,31,8081
16790,31,8080
16791,31,8081
16792,31,8080
16793,31,8081
16794,31,8080
16795,31,8081
16796,31,8080
16797,31,8081
16798,31,8080
16799,31,8081
16800,31,8080
16801,31,8081
16802,31,8080
16803,31,8081
16804,31,8080
16805,31,8081
16806,31,8080
16807,31,8081
16808,31,8080
16809,31,8081
16810,31,8080
16811,31,8081
16812,31,8080
16813,31,8081
16814,31,8080
16815,31,8081
16816,31,8080
16817,31,8081
16818,31,8080
16819,31,8081
16820,31,8080
16821,31,8081
16822,31,8080
16823,31,8081
16824,31,8080
16825,31,8081
16826,31,8080
16827,31,8081
16828,31,8080
16829,31,8081
16830,31,8080
16831,31,8081
16832,31,8080
16833,31,8081
16834,31,8080
16835,31,8081
16836,31,8080
16837,31,8081
16838,31,8080
16839,31,8081
16840,31,8080
16841,31,8081
16842,31,8080
16843,31,8081
16844,31,8080
16845,31,8081
16846,31,8080
16847,31,8081
16848,31,8080
16849,31,8081
16850,31,8080
16851,31,8081
16852,31,8080
16853,31,8081
16854,31,8080
16855,31,8081
16856,31,8080
16857,31,8081
16858,31,8080
16859,31,8081
16860,31,8080
16861,31,8081
16862,31,8080
16863,31,8081
16864,31,8080
16865,31,8081
16866,31,8080
16867,31,8081
16868,31,8080
16869,31,8081
16870,31,8080
16871,31,8081
16872,31,8080
16873,31,8081
16874,31,8080
16875,31,8081
16876,31,8080
16877,31,8081
16878,31,8080
16879,31,8081
16880,31,8080
16881,31,8081
16882,31,8080
16883,31,8081
16884,31,8080
16885,31,8081
16886,31,8080
16887,31,8081
16888,31,8080
16889,31,8081
16890,31,8080
16891,31,8081
16892,31,8080
16893,31,8081
16894,31,8080
16895,31,8081
16896,31,8080
16897,31,8081
16898,31,8080
16899,31,8081
16900,31,8080
16901,31,8081
16902,31,8080
16903,32,8081
16904,32,8080
16905,32,8081
16906,32,8080
16907,32,8081
16908,32,8080
16909,32,8081
16910,32,8080
16911,32,8081
16912,32,8080
16913,32,8081
16914,32,8080
16915,32,8081
16916,32,8080
16917,32,8081
16918,32,8080
16919,32,8081
16920,32,8080
16921,32,8081
16922,32,8080
16923,32,8081
16924,32,8080
16925,32,8081
16926,32,8080
16927,32,8081
16928,32,8080
16929,32,8081
16930,32,8080
16931,32,8081
16932,32,8080
16933,32,8081
16934,32,8080
16935,32,8081
16936,32,8080
16937,32,8081
16938,32,8080
16939,32,8081
16940,32,8080
16941,32,8081
16942,32,8080
16943,32,8081
16944,32,8080
16945,32,8081
16946,32,8080
16947,32,8081
16948,32,8080
16949,32,8081
16950,32,8080
16951,32,8081
16952,32,8080
16953,32,8081
16954,32,8080
16955,32,8081
16956,32,8080
16957,32,8081
16958,32,8080
16959,32,8081
16960,32,8080
16961,32,8081
16962,32,8080
16963,32,8081
16964,32,8080
16965,32,8081
16966,32,8080
16967,32,8081
16968,32,8080
16969,32,8081
16970,32,8080
16971,32,8081
16972,32,8080
16973,32,8081
16974,32,8080
16975,32,8081
16976,32,8080
16977,32,8081
16978,32,8080
16979,32,8081
16980,32,8080
16981,32,8081
16982,32,8080
16983,32,8081
16984,32,8080
16985,32,8081
16986,32,8080
16987,32,8081
16988,32,8080
16989,32,8081
16990,32,8080
16991,32,8081
16992,32,8080
16993,32,8081
16994,32,8080
16995,32,8081
16996,32,8080
16997,32,8081
16998,32,8080
16999,32,8081
17000,32,8080
17001,32,8081
17002,32,8080
17003,32,8081
17004,32,8080
17005,32,8081
17006,32,8080
17007,32,8081
17008,32,8080
17009,32,8081
17010,32,8080
17011,32,8081
17012,32,8080
17013,32,8081
17014,32,8080
17015,32,8081
17016,32,8080
17017,32,8081
17018,32,8080
17019,32,8081
17020,32,8080
17021,32,8081
17022,32,8080
17023,32,8081
17024,32,8080
17025,32,8081
17026,32,8080
17027,32,8081
17028,32,8080
17029,32,8081
17030,32,8080
17031,32,8081
17032,32,8080
17033,32,8081
17034,32,8080
17035,32,8081
17036,32,8080
17037,32,8081
17038,32,8080
17039,32,8081
17040,32,8080
17041,32,8081
17042,32,8080
17043,32,8081
17044,32,8080
17045,32,8081
17046,32,8080
17047,32,8081
17048,32,8080
17049,32,8081
17050,32,8080
17051,32,8081
17052,32,8080
17053,32,8081
17054,32,8080
17055,32,8081
17056,32,8080
17057,32,8081
17058,32,8080
17059,32,8081
17060,32,8080
17061,32,8081
17062,32,8080
17063,32,8081
17064,32,8080
17065,32,8081
17066,33,8080
17067,33,8081
17068,33,8080
17069,33,8081
17070,33,8080
17071,33,8081
17072,33,8080
17073,33,8081
17074,33,8080
17075,33,8081
17076,33,8080
17077,33,8081
17078,33,8080
17079,33,8081
17080,33,8080
17081,33,8081
17082,33,8080
17083,33,8081
17084,33,8080
17085,33,8081
17086,33,8080
17087,33,8081
17088,33,8080
17089,33,8081
17090,33,8080
17091,33,8081
17092,33,8080
17093,33,8081
17094,33,8080
17095,33,8081
17096,33,8080
17097,33,8081
17098,33,8080
17099,33,8081
17100,33,8080
17101,33,8081
17102,33,8080
17103,33,8081
17104,33,8080
17105,33,8081
17106,33,8080
17107,33,8081
17108,33,8080
17109,33,8081
17110,33,8080
17111,33,8081
17112,33,8080
17113,33,8081
17114,33,8080
17115,33,8081
17116,33,8080
17117,33,8081
17118,33,8080
17119,33,8081
17120,33,8080
17121,33,8081
17122,33,8080
17123,33,8081
17124,33,8080
17125,33,8081
17126,33,8080
17127,33,8081
17128,33,8080
17129,33,8081
17130,33,8080
17131,33,8081
17132,33,8080
17133,33,8081
17134,33,8080
17135,33,8081
17136,33,8080
17137,33,8081
17138,33,8080
17139,33,8081
17140,33,8080
17141,33,8081
17142,33,8080
17143,33,8081
17144,33,8080
17145,33,8081
17146,33,8080
17147,33,8081
17148,33,8080
17149,33,8081
17150,33,8080
17151,33,8081
17152,33,8080
17153,33,8081
17154,33,8080
17155,33,8081
17156,33,8080
17157,33,8081
17158,33,8080
17159,33,8081
17160,33,8080
17161,33,8081
17162,33,8080
17163,33,8081
17164,33,8080
17165,33,8081
17166,33,8080
17167,33,8081
17168,33,8080
17169,33,8081
17170,33,8080
17171,33,8081
17172,33,8080
17173,33,8081
17174,33,8080
17175,33,8081
17176,33,8080
17177,33,8081
17178,33,8080
17179,33,8081
17180,33,8080
17181,33,8081
17182,33,8080
17183,33,8081
17184,33,8080
17185,33,8081
17186,33,8080
17187,33,8081
17188,33,8080
17189,33,8081
17190,33,8080
17191,33,8081
17192,33,8080
17193,33,8081
17194,33,8080
17195,33,8081
17196,33,8080
17197,33,8081
17198,33,8080
17199,33,8081
17200,33,8080
17201,33,8081
17202,33,8080
17203,33,8081
17204,33,8080
17205,33,8081
17206,33,8080
17207,33,8081
17208,33,8080
17209,33,8081
17210,33,8080
17211,33,8081
17212,33,8080
17213,33,8081
17214,33,8080
17215,33,8081
17216,33,8080
17217,33,8081
17218,33,8080
17219,33,8081
17220,33,8080
17221,33,8081
17222,33,8080
17223,33,8081
17224,33,8080
17225,33,8081
17226,33,8080
17227,33,8081
17228,33,8080
17229,34,8081
17230,34,8080
17231,34,8081
17232,34,8080
17233,34,8081
17234,34,8080
17235,34,8081
17236,34,8080
17237,34,8081
17238,34,8080
17239,34,8081
17240,34,8080
17241,34,8081
17242,34,8080
17243,34,8081
17244,34,8080
17245,34,8081
17246,34,8080
17247,34,8081
17248,34,8080
17249,34,8081
17250,34,8080
17251,34,8081
17252,34,8080
17253,34,8081
17254,34,8080
17255,34,8081
17256,34,8080
17257,34,8081
17258,34,8080
17259,34,8081
17260,34,8080
17261,34,8081
17262,34,8080
17263,34,8081
17264,34,8080
17265,34,8081
17266,34,8080
17267,34,8081
17268,34,8080
17269,34,8081
17270,34,8080
17271,34,8081
17272,34,8080
17273,34,8081
17274,34,8080
17275,34,8081
17276,34,8080
17277,34,8081
17278,34,8080
17279,34,8081
17280,34,8080
17281,34,8081
17282,34,8080
17283,34,8081
17284,34,8080
17285,34,8081
17286,34,8080
17287,34,8081
17288,34,8080
17289,34,8081
17290,34,8080
17291,34,8081
17292,34,8080
17293,34,8081
17294,34,8080
17295,34,8081
17296,34,8080
17297,34,8081
17298,34,8080
17299,34,8081
17300,34,8080
17301,34,8081
17302,34,8080
17303,34,8081
17304,34,8080
17305,34,8081
17306,34,8080
17307,34,8081
17308,34,8080
17309,34,8081
17310,34,8080
17311,34,8081
17312,34,8080
17313,34,8081
17314,34,8080
17315,34,8081
17316,34,8080
17317,34,8081
17318,34,8080
17319,34,8081
17320,34,8080
17321,34,8081
17322,34,8080
17323,34,8081
17324,34,8080
17325,34,8081
17326,34,8080
17327,34,8081
17328,34,8080
17329,34,8081
17330,34,8080
17331,34,8081
17332,34,8080
17333,34,8081
17334,34,8080
17335,34,8081
17336,34,8080
17337,34,8081
17338,34,8080
17339,34,8081
17340,34,8080
17341,34,8081
17342,34,8080
17343,34,8081
17344,34,8080
17345,34,8081
17346,34,8080
17347,34,8081
17348,34,8080
17349,34,8081
17350,34,8080
17351,34,8081
17352,34,8080
17353,34,8081
17354,34,8080
17355,34,8081
17356,34,8080
17357,34,8081
17358,34,8080
17359,34,8081
17360,34,8080
17361,34,8081
17362,34,8080
17363,34,8081
17364,34,8080
17365,34,8081
17366,34,8080
17367,34,8081
17368,34,8080
17369,34,8081
17370,34,8080
17371,34,8081
17372,34,8080
17373,34,8081
17374,34,8080
17375,34,8081
17376,34,8080
17377,34,8081
17378,34,8080
17379,34,8081
17380,34,8080
17381,34,8081
17382,34,8080
17383,34,8081
17384,34,8080
17385,34,8081
17386,34,8080
17387,34,8081
17388,34,8080
17389,34,8081
17390,34,8080
17391,34,8081
17392,35,8080
17393,35,8081
17394,35,8080
17395,35,8081
17396,35,8080
17397,35,8081
17398,35,8080
17399,35,8081
17400,35,8080
17401,35,8081
17402,35,8080
17403,35,8081
17404,35,8080
17405,35,8081
17406,35,8080
17407,35,8081
17408,35,8080
17409,35,8081
17410,35,8080
17411,35,8081
17412,35,8080
17413,35,8081
17414,35,8080
17415,35,8081
17416,35,8080
17417,35,8081
17418,35,8080
17419,35,8081
17420,35,8080
17421,35,8081
17422,35,8080
17423,35,8081
17424,35,8080
17425,35,8081
17426,35,8080
17427,35,8081
17428,35,8080
17429,35,8081
17430,35,8080
17431,35,8081
17432,35,8080
17433,35,8081
17434,35,8080
17435,35,8081
17436,35,8080
17437,35,8081
17438,35,8080
17439,35,8081
17440,35,8080
17441,35,8081
17442,35,8080
17443,35,8081
17444,35,8080
17445,35,8081
17446,35,8080
17447,35,8081
17448,35,8080
17449,35,8081
17450,35,8080
17451,35,8081
17452,35,8080
17453,35,8081
17454,35,8080
17455,35,8081
17456,35,8080
17457,35,8081
17458,35,8080
17459,35,8081
17460,35,8080
17461,35,8081
17462,35,8080
17463,35,8081
17464,35,8080
17465,35,8081
17466,35,8080
17467,35,8081
17468,35,8080
17469,35,8081
17470,35,8080
17471,35,8081
17472,35,8080
17473,35,8081
17474,35,8080
17475,35,8081
17476,35,8080
17477,35,8081
17478,35,8080
17479,35,8081
17480,35,8080
17481,35,8081
17482,35,8080
17483,35,8081
17484,35,8080
17485,35,8081
17486,35,8080
17487,35,8081
17488,35,8080
17489,35,8081
17490,35,8080
17491,35,8081
17492,35,8080
17493,35,8081
17494,35,8080
17495,35,8081
17496,35,8080
17497,35,8081
17498,35,8080
17499,35,8081
17500,35,8080
17501,35,8081
17502,35,8080
17503,35,8081
17504,35,8080
17505,35,8081
17506,35,8080
17507,35,8081
17508,35,8080
17509,35,8081
17510,35,8080
17511,35,8081
17512,35,8080
17513,35,8081
17514,35,8080
17515,35,8081
17516,35,8080
17517,35,8081
17518,35,8080
17519,35,8081
17520,35,8080
17521,35,8081
17522,35,8080
17523,35,8081
17524,35,8080
17525,35,8081
17526,35,8080
17527,35,8081
17528,35,8080
17529,35,8081
17530,35,8080
17531,35,8081
17532,35,8080
17533,35,8081
17534,35,8080
17535,35,8081
17536,35,8080
17537,35,8081
17538,35,8080
17539,35,8081
17540,35,8080
17541,35,8081
17542,35,8080
17543,35,8081
17544,35,8080
17545,35,8081
17546,35,8080
17547,35,8081
17548,35,8080
17549,35,8081
17550,35,8080
17551,35,8081
17552,35,8080
17553,35,8081
17554,35,8080
17555,36,8081
17556,36,8080
17557,36,8081
17558,36,8080
17559,36,8081
17560,36,8080
17561,36,8081
17562,36,8080
17563,36,8081
17564,36,8080
17565,36,8081
17566,36,8080
17567,36,8081
17568,36,8080
17569,36,8081
17570,36,8080
17571,36,8081
17572,36,8080
17573,36,8081
17574,36,8080
17575,36,8081
17576,36,8080
17577,36,8081
17578,36,8080
17579,36,8081
17580,36,8080
17581,36,8081
17582,36,8080
17583,36,8081
17584,36,8080
17585,36,8081
17586,36,8080
17587,36,8081
17588,36,8080
17589,36,8081
17590,36,8080
17591,36,8081
17592,36,8080
17593,36,8081
17594,36,8080
17595,36,8081
17596,36,8080
17597,36,8081
17598,36,8080
17599,36,8081
17600,36,8080
17601,36,8081
17602,36,8080
17603,36,8081
17604,36,8080
17605,36,8081
17606,36,8080
17607,36,8081
17608,36,8080
17609,36,8081
17610,36,8080
17611,36,8081
17612,36,8080
17613,36,8081
17614,36,8080
17615,36,8081
17616,36,8080
17617,36,8081
17618,36,8080
17619,36,8081
17620,36,8080
17621,36,8081
17622,36,8080
17623,36,8081
17624,36,8080
17625,36,8081
17626,36,8080
17627,36,8081
17628,36,8080
17629,36,8081
17630,36,8080
17631,36,8081
17632,36,8080
17633,36,8081
17634,36,8080
17635,36,8081
17636,36,8080
17637,36,8081
17638,36,8080
17639,36,8081
17640,36,8080
17641,36,8081
17642,36,8080
17643,36,8081
17644,36,8080
17645,36,8081
17646,36,8080
17647,36,8081
17648,36,8080
17649,36,8081
17650,36,8080
17651,36,8081
17652,36,8080
17653,36,8081
17654,36,8080
17655,36,8081
17656,36,8080
17657,36,8081
17658,36,8080
17659,36,8081
17660,36,8080
17661,36,8081
17662,36,8080
17663,36,8081
17664,36,8080
17665,36,8081
17666,36,8080
17667,36,8081
17668,36,8080
17669,36,8081
17670,36,8080
17671,36,8081
17672,36,8080
17673,36,8081
17674,36,8080
17675,36,8081
17676,36,8080
17677,36,8081
17678,36,8080
17679,36,8081
17680,36,8080
17681,36,8081
17682,36,8080
17683,36,8081
17684,36,8080
17685,36,8081
17686,36,8080
17687,36,8081
17688,36,8080
17689,36,8081
17690,36,8080
17691,36,8081
17692,36,8080
17693,36,8081
17694,36,8080
17695,36,8081
17696,36,8080
17697,36,8081
17698,36,8080
17699,36,8081
17700,36,8080
17701,36,8081
17702,36,8080
17703,36,8081
17704,36,8080
17705,36,8081
17706,36,8080
17707,36,8081
17708,36,8080
17709,36,8081
17710,36,8080
17711,36,8081
17712,36,8080
17713,36,8081
17714,36,8080
17715,36,8081
17716,36,8080
17717,36,8081
17718,37,8080
17719,37,8081
17720,37,8080
17721,37,8081
17722,37,8080
17723,37,8081
17724,37,8080
17725,37,8081
17726,37,8080
17727,37,8081
17728,37,8080
17729,37,8081
17730,37,8080
17731,37,8081
17732,37,8080
17733,37,8081
17734,37,8080
17735,37,8081
17736,37,8080
17737,37,8081
17738,37,8080
17739,37,8081
17740,37,8080
17741,37,8081
17742,37,8080
17743,37,8081
17744,37,8080
17745,37,8081
17746,37,8080
17747,37,8081
17748,37,8080
17749,37,8081
17750,37,8080
17751,37,8081
17752,37,8080
17753,37,8081
17754,37,8080
17755,37,8081
17756,37,8080
17757,37,8081
17758,37,8080
17759,37,8081
17760,37,8080
17761,37,8081
17762,37,8080
17763,37,8081
17764,37,8080
17765,37,8081
17766,37,8080
17767,37,8081
17768,37,8080
17769,37,8081
17770,37,8080
17771,37,8081
17772,37,8080
17773,37,8081
17774,37,8080
17775,37,8081
17776,37,8080
17777,37,8081
17778,37,8080
17779,37,8081
17780,37,8080
17781,37,8081
17782,37,8080
17783,37,8081
17784,37,8080
17785,37,8081
17786,37,8080
17787,37,8081
17788,37,8080
17789,37,8081
17790,37,8080
17791,37,8081
17792,37,8080
17793,37,8081
17794,37,8080
17795,37,8081
17796,37,8080
17797,37,8081
17798,37,8080
17799,37,8081
17800,37,8080
17801,37,8081
17802,37,8080
17803,37,8081
17804,37,8080
17805,37,8081
17806,37,8080
17807,37,8081
17808,37,8080
17809,37,8081
17810,37,8080
17811,37,8081
17812,37,8080
17813,37,8081
17814,37,8080
17815,37,8081
17816,37,8080
17817,37,8081
17818,37,8080
17819,37,8081
17820,37,8080
17821,37,8081
17822,37,8080
17823,37,8081
17824,37,8080
17825,37,8081
17826,37,8080
17827,37,8081
17828,37,8080
17829,37,8081
17830,37,8080
17831,37,8081
17832,37,8080
17833,37,8081
17834,37,8080
17835,37,8081
17836,37,8080
17837,37,8081
17838,37,8080
17839,37,8081
17840,37,8080
17841,37,8081
17842,37,8080
17843,37,8081
17844,37,8080
17845,37,8081
17846,37,8080
17847,37,8081
17848,37,8080
17849,37,8081
17850,37,8080
17851,37,8081
17852,37,8080
17853,37,8081
17854,37,8080
17855,37,8081
17856,37,8080
17857,37,8081
17858,37,8080
17859,37,8081
17860,37,8080
17861,37,8081
17862,37,8080
17863,37,8081
17864,37,8080
17865,37,8081
17866,37,8080
17867,37,8081
17868,37,8080
17869,37,8081
17870,37,8080
17871,37,8081
17872,37,8080
17873,37,8081
17874,37,8080
17875,37,8081
17876,37,8080
17877,37,8081
17878,37,8080
17879,37,8081
17880,37,8080
17881,38,8081
17882,38,8080
17883,38,8081
17884,38,8080
17885,38,8081
17886,38,8080
17887,38,8081
17888,38,8080
17889,38,8081
17890,38,8080
17891,38,8081
17892,38,8080
17893,38,8081
17894,38,8080
17895,38,8081
17896,38,8080
17897,38,8081
17898,38,8080
17899,38,8081
17900,38,8080
17901,38,8081
17902,38,8080
17903,38,8081
17904,38,8080
17905,38,8081
17906,38,8080
17907,38,8081
17908,38,8080
17909,38,8081
17910,38,8080
17911,38,8081
17912,38,8080
17913,38,8081
17914,38,8080
17915,38,8081
17916,38,8080
17917,38,8081
17918,38,8080
17919,38,8081
17920,38,8080
17921,38,8081
17922,38,8080
17923,38,8081
17924,38,8080
17925,38,8081
17926,38,8080
17927,38,8081
17928,38,8080
17929,38,8081
17930,38,8080
17931,38,8081
17932,38,8080
17933,38,8081
17934,38,8080
17935,38,8081
17936,38,8080
17937,38,8081
17938,38,8080
17939,38,8081
17940,38,8080
17941,38,8081
17942,38,8080
17943,38,8081
17944,38,8080
17945,38,8081
17946,38,8080
17947,38,8081
17948,38,8080
17949,38,8081
17950,38,8080
17951,38,8081
17952,38,8080
17953,38,8081
17954,38,8080
17955,38,8081
17956,38,8080
17957,38,8081
17958,38,8080
17959,38,8081
17960,38,8080
17961,38,8081
17962,38,8080
17963,38,8081
17964,38,8080
17965,38,8081
17966,38,8080
17967,38,8081
17968,38,8080
17969,38,8081
17970,38,8080
17971,38,8081
17972,38,8080
17973,38,8081
17974,38,8080
17975,38,8081
17976,38,8080
17977,38,8081
17978,38,8080
17979,38,8081
17980,38,8080
17981,38,8081
17982,38,8080
17983,38,8081
17984,38,8080
17985,38,8081
17986,38,8080
17987,38,8081
17988,38,8080
17989,38,8081
17990,38,8080
17991,38,8081
17992,38,8080
17993,38,8081
17994,38,8080
17995,38,8081
17996,38,8080
17997,38,8081
17998,38,8080
17999,38,8081
18000,38,8080
18001,38,8081
18002,38,8080
18003,38,8081
18004,38,8080
18005,38,8081
18006,38,8080
18007,38,8081
18008,38,8080
18009,38,8081
18010,38,8080
18011,38,8081
18012,38,8080
18013,38,8081
18014,38,8080
18015,38,8081
18016,38,8080
18017,38,8081
18018,38,8080
18019,38,8081
18020,38,8080
18021,38,8081
18022,38,8080
18023,38,8081
18024,38,8080
18025,38,8081
18026,38,8080
18027,38,8081
18028,38,8080
18029,38,8081
18030,38,8080
18031,38,8081
18032,38,8080
18033,38,8081
18034,38,8080
18035,38,8081
18036,38,8080
18037,38,8081
18038,38,8080
18039,38,8081
18040,38,8080
18041,38,8081
18042,38,8080
18043,38,8081
18044,39,8080
18045,39,8081
18046,39,8080
18047,39,8081
18048,39,8080
18049,39,8081
18050,39,8080
18051,39,8081
18052,39,8080
18053,39,8081
18054,39,8080
18055,39,8081
18056,39,8080
18057,39,8081
18058,39,8080
18059,39,8081
18060,39,8080
18061,39,8081
18062,39,8080
18063,39,8081
18064,39,8080
18065,39,8081
18066,39,8080
18067,39,8081
18068,39,8080
18069,39,8081
18070,39,8080
18071,39,8081
18072,39,8080
18073,39,8081
18074,39,8080
18075,39,8081
18076,39,8080
18077,39,8081
18078,39,8080
18079,39,8081
18080,39,8080
18081,39,8081
18082,39,8080
18083,39,8081
18084,39,8080
18085,39,8081
18086,39,8080
18087,39,8081
18088,39,8080
18089,39,8081
18090,39,8080
18091,39,8081
18092,39,8080
18093,39,8081
18094,39,8080
18095,39,8081
18096,39,8080
18097,39,8081
18098,39,8080
18099,39,8081
18100,39,8080
18101,39,8081
18102,39,8080
18103,39,8081
18104,39,8080
18105,39,8081
18106,39,8080
18107,39,8081
18108,39,8080
18109,39,8081
18110,39,8080
18111,39,8081
18112,39,8080
18113,39,8081
18114,39,8080
18115,39,8081
18116,39,8080
18117,39,8081
18118,39,8080
18119,39,8081
18120,39,8080
18121,39,8081
18122,39,8080
18123,39,8081
18124,39,8080
18125,39,8081
18126,39,8080
18127,39,8081
18128,39,8080
18129,39,8081
18130,39,8080
18131,39,8081
18132,39,8080
18133,39,8081
18134,39,8080
18135,39,8081
18136,39,8080
18137,39,8081
18138,39,8080
18139,39,8081
18140,39,8080
18141,39,8081
18142,39,8080
18143,39,8081
18144,39,8080
18145,39,8081
18146,39,8080
18147,39,8081
18148,39,8080
18149,39,8081
18150,39,8080
18151,39,8081
18152,39,8080
18153,39,8081
18154,39,8080
18155,39,8081
18156,39,8080
18157,39,8081
18158,39,8080
18159,39,8081
18160,39,8080
18161,39,8081
18162,39,8080
18163,39,8081
18164,39,8080
18165,39,8081
18166,39,8080
18167,39,8081
18168,39,8080
18169,39,8081
18170,39,8080
18171,39,8081
18172,39,8080
18173,39,8081
18174,39,8080
18175,39,8081
18176,39,8080
18177,39,8081
18178,39,8080
18179,39,8081
18180,39,8080
18181,39,8081
18182,39,8080
18183,39,8081
18184,39,8080
18185,39,8081
18186,39,8080
18187,39,8081
18188,39,8080
18189,39,8081
18190,39,8080
18191,39,8081
18192,39,8080
18193,39,8081
18194,39,8080
18195,39,8081
18196,39,8080
18197,39,8081
18198,39,8080
18199,39,8081
18200,39,8080
18201,39,8081
18202,39,8080
18203,39,8081
18204,39,8080
18205,39,8081
18206,39,8080
18207,40,8081
18208,40,8080
18209,40,8081
18210,40,8080
18211,40,8081
18212,40,8080
18213,40,8081
18214,40,8080
18215,40,8081
18216,40,8080
18217,40,8081
18218,40,8080
18219,40,8081
18220,40,8080
18221,40,8081
18222,40,8080
18223,40,8081
18224,40,8080
18225,40,8081
18226,40,8080
18227,40,8081
18228,40,8080
18229,40,8081
18230,40,8080
18231,40,8081
18232,40,8080
18233,40,8081
18234,40,8080
18235,40,8081
18236,40,8080
18237,40,8081
18238,40,8080
18239,40,8081
18240,40,8080
18241,40,8081
18242,40,8080
18243,40,8081
18244,40,8080
18245,40,8081
18246,40,8080
18247,40,8081
18248,40,8080
18249,40,8081
18250,40,8080
18251,40,8081
18252,40,8080
18253,40,8081
18254,40,8080
18255,40,8081
18256,40,8080
18257,40,8081
18258,40,8080
18259,40,8081
18260,40,8080
18261,40,8081
18262,40,8080
18263,40,8081
18264,40,8080
18265,40,8081
18266,40,8080
18267,40,8081
18268,40,8080
18269,40,8081
18270,40,8080
18271,40,8081
18272,40,8080
18273,40,8081
18274,40,8080
18275,40,8081
18276,40,8080
18277,40,8081
18278,40,8080
18279,40,8081
18280,40,8080
18281,40,8081
18282,40,8080
18283,40,8081
18284,40,8080
18285,40,8081
18286,40,8080
18287,40,8081
18288,40,8080
18289,40,8081
18290,40,8080
18291,40,8081
18292,40,8080
18293,40,8081
18294,40,8080
18295,40,8081
18296,40,8080
18297,40,8081
18298,40,8080
18299,40,8081
18300,40,8080
18301,40,8081
18302,40,8080
18303,40,8081
18304,40,8080
18305,40,8081
18306,40,8080
18307,40,8081
18308,40,8080
18309,40,8081
18310,40,8080
18311,40,8081
18312,40,8080
18313,40,8081
18314,40,8080
18315,40,8081
18316,40,8080
18317,40,8081
18318,40,8080
18319,40,8081
18320,40,8080
18321,40,8081
18322,40,8080
18323,40,8081
18324,40,8080
18325,40,8081
18326,40,8080
18327,40,8081
18328,40,8080
18329,40,8081
18330,40,8080
18331,40,8081
18332,40,8080
18333,40,8081
18334,40,8080
18335,40,8081
18336,40,8080
18337,40,8081
18338,40,8080
18339,40,8081
18340,40,8080
18341,40,8081
18342,40,8080
18343,40,8081
18344,40,8080
18345,40,8081
18346,40,8080
18347,40,8081
18348,40,8080
18349,40,8081
18350,40,8080
18351,40,8081
18352,40,8080
18353,40,8081
18354,40,8080
18355,40,8081
18356,40,8080
18357,40,8081
18358,40,8080
18359,40,8081
18360,40,8080
18361,40,8081
18362,40,8080
18363,40,8081
18364,40,8080
18365,40,8081
18366,40,8080
18367,40,8081
18368,40,8080
18369,40,8081
18370,41,8080
18371,41,8081
18372,41,8080
18373,41,8081
18374,41,8080
18375,41,8081
18376,41,8080
18377,41,8081
18378,41,8080
18379,41,8081
18380,41,8080
18381,41,8081
18382,41,8080
18383,41,8081
18384,41,8080
18385,41,8081
18386,41,8080
18387,41,8081
18388,41,8080
18389,41,8081
18390,41,8080
18391,41,8081
18392,41,8080
18393,41,8081
18394,41,8080
18395,41,8081
18396,41,8080
18397,41,8081
18398,41,8080
18399,41,8081
18400,41,8080
18401,41,8081
18402,41,8080
18403,41,8081
18404,41,8080
18405,41,8081
18406,41,8080
18407,41,8081
18408,41,8080
18409,41,8081
18410,41,8080
18411,41,8081
18412,41,8080
18413,41,8081
18414,41,8080
18415,41,8081
18416,41,8080
18417,41,8081
18418,41,8080
18419,41,8081
18420,41,8080
18421,41,8081
18422,41,8080
18423,41,8081
18424,41,8080
18425,41,8081
18426,41,8080
18427,41,8081
18428,41,8080
18429,41,8081
18430,41,8080
18431,41,8081
18432,41,8080
18433,41,8081
18434,41,8080
18435,41,8081
18436,41,8080
18437,41,8081
18438,41,8080
18439,41,8081
18440,41,8080
18441,41,8081
18442,41,8080
18443,41,8081
18444,41,8080
18445,41,8081
18446,41,8080
18447,41,8081
18448,41,8080
18449,41,8081
18450,41,8080
18451,41,8081
18452,41,8080
18453,41,8081
18454,41,8080
18455,41,8081
18456,41,8080
18457,41,8081
18458,41,8080
18459,41,8081
18460,41,8080
18461,41,8081
18462,41,8080
18463,41,8081
18464,41,8080
18465,41,8081
18466,41,8080
18467,41,8081
18468,41,8080
18469,41,8081
18470,41,8080
18471,41,8081
18472,41,8080
18473,41,8081
18474,41,8080
18475,41,8081
18476,41,8080
18477,41,8081
18478,41,8080
18479,41,8081
18480,41,8080
18481,41,8081
18482,41,8080
18483,41,8081
18484,41,8080
18485,41,8081
18486,41,8080
18487,41,8081
18488,41,8080
18489,41,8081
18490,41,8080
18491,41,8081
18492,41,8080
18493,41,8081
18494,41,8080
18495,41,8081
18496,41,8080
18497,41,8081
18498,41,8080
18499,41,8081
18500,41,8080
18501,41,8081
18502,41,8080
18503,41,8081
18504,41,8080
18505,41,8081
18506,41,8080
18507,41,8081
18508,41,8080
18509,41,8081
18510,41,8080
18511,41,8081
18512,41,8080
18513,41,8081
18514,41,8080
18515,41,8081
18516,41,8080
18517,41,8081
18518,41,8080
18519,41,8081
18520,41,8080
18521,41,8081
18522,41,8080
18523,41,8081
18524,41,8080
18525,41,8081
18526,41,8080
18527,41,8081
18528,41,8080
18529,41,8081
18530,41,8080
18531,41,8081
18532,41,8080
18533,42,8081
18534,42,8080
18535,42,8081
18536,42,8080
18537,42,8081
18538,42,8080
18539,42,8081
18540,42,8080
18541,42,8081
18542,42,8080
18543,42,8081
18544,42,8080
18545,42,8081
18546,42,8080
18547,42,8081
18548,42,8080
18549,42,8081
18550,42,8080
18551,42,8081
18552,42,8080
18553,42,8081
18554,42,8080
18555,42,8081
18556,42,8080
18557,42,8081
18558,42,8080
18559,42,8081
18560,42,8080
18561,42,8081
18562,42,8080
18563,42,8081
18564,42,8080
18565,42,8081
18566,42,8080
18567,42,8081
18568,42,8080
18569,42,8081
18570,42,8080
18571,42,8081
18572,42,8080
18573,42,8081
18574,42,8080
18575,42,8081
18576,42,8080
18577,42,8081
18578,42,8080
18579,42,8081
18580,42,8080
18581,42,8081
18582,42,8080
18583,42,8081
18584,42,8080
18585,42,8081
18586,42,8080
18587,42,8081
18588,42,8080
18589,42,8081
18590,42,8080
18591,42,8081
18592,42,8080
18593,42,8081
18594,42,8080
18595,42,8081
18596,42,8080
18597,42,8081
18598,42,8080
18599,42,8081
18600,42,8080
18601,42,8081
18602,42,8080
18603,42,8081
18604,42,8080
18605,42,8081
18606,42,8080
18607,42,8081
18608,42,8080
18609,42,8081
18610,42,8080
18611,42,8081
18612,42,8080
18613,42,8081
18614,42,8080
18615,42,8081
18616,42,8080
18617,42,8081
18618,42,8080
18619,42,8081
18620,42,8080
18621,42,8081
18622,42,8080
18623,42,8081
18624,42,8080
18625,42,8081
18626,42,8080
18627,42,8081
18628,42,8080
18629,42,8081
18630,42,8080
18631,42,8081
18632,42,8080
18633,42,8081
18634,42,8080
18635,42,8081
18636,42,8080
18637,42,8081
18638,42,8080
18639,42,8081
18640,42,8080
18641,42,8081
18642,42,8080
18643,42,8081
18644,42,8080
18645,42,8081
18646,42,8080
18647,42,8081
18648,42,8080
18649,42,8081
18650,42,8080
18651,42,8081
18652,42,8080
18653,42,8081
18654,42,8080
18655,42,8081
18656,42,8080
18657,42,8081
18658,42,8080
18659,42,8081
18660,42,8080
18661,42,8081
18662,42,8080
18663,42,8081
18664,42,8080
18665,42,8081
18666,42,8080
18667,42,8081
18668,42,8080
18669,42,8081
18670,42,8080
18671,42,8081
18672,42,8080
18673,42,8081
18674,42,8080
18675,42,8081
18676,42,8080
18677,42,8081
18678,42,8080
18679,42,8081
18680,42,8080
18681,42,8081
18682,42,8080
18683,42,8081
18684,42,8080
18685,42,8081
18686,42,8080
18687,42,8081
18688,42,8080
18689,42,8081
18690,42,8080
18691,42,8081
18692,42,8080
18693,42,8081
18694,42,8080
18695,42,8081
18696,43,8080
18697,43,8081
18698,43,8080
18699,43,8081
18700,43,8080
18701,43,8081
18702,43,8080
18703,43,8081
18704,43,8080
18705,43,8081
18706,43,8080
18707,43,8081
18708,43,8080
18709,43,8081
18710,43,8080
18711,43,8081
18712,43,8080
18713,43,8081
18714,43,8080
18715,43,8081
18716,43,8080
18717,43,8081
18718,43,8080
18719,43,8081
18720,43,8080
18721,43,8081
18722,43,8080
18723,43,8081
18724,43,8080
18725,43,8081
18726,43,8080
18727,43,8081
18728,43,8080
18729,43,8081
18730,43,8080
18731,43,8081
18732,43,8080
18733,43,8081
18734,43,8080
18735,43,8081
18736,43,8080
18737,43,8081
18738,43,8080
18739,43,8081
18740,43,8080
18741,43,8081
18742,43,8080
18743,43,8081
18744,43,8080
18745,43,8081
18746,43,8080
18747,43,8081
18748,43,8080
18749,43,8081
18750,43,8080
18751,43,8081
18752,43,8080
18753,43,8081
18754,43,8080
18755,43,8081
18756,43,8080
18757,43,8081
18758,43,8080
18759,43,8081
18760,43,8080
18761,43,8081
18762,43,8080
18763,43,8081
18764,43,8080
18765,43,8081
18766,43,8080
18767,43,8081
18768,43,8080
18769,43,8081
18770,43,8080
18771,43,8081
18772,43,8080
18773,43,8081
18774,43,8080
18775,43,8081
18776,43,8080
18777,43,8081
18778,43,8080
18779,43,8081
18780,43,8080
18781,43,8081
18782,43,8080
18783,43,8081
18784,43,8080
18785,43,8081
18786,43,8080
18787,43,8081
18788,43,8080
18789,43,8081
18790,43,8080
18791,43,8081
18792,43,8080
18793,43,8081
18794,43,8080
18795,43,8081
18796,43,8080
18797,43,8081
18798,43,8080
18799,43,8081
18800,43,8080
18801,43,8081
18802,43,8080
18803,43,8081
18804,43,8080
18805,43,8081
18806,43,8080
18807,43,8081
18808,43,8080
18809,43,8081
18810,43,8080
18811,43,8081
18812,43,8080
18813,43,8081
18814,43,8080
18815,43,8081
18816,43,8080
18817,43,8081
18818,43,8080
18819,43,8081
18820,43,8080
18821,43,8081
18822,43,8080
18823,43,8081
18824,43,8080
18825,43,8081
18826,43,8080
18827,43,8081
18828,43,8080
18829,43,8081
18830,43,8080
18831,43,8081
18832,43,8080
18833,43,8081
18834,43,8080
18835,43,8081
18836,43,8080
18837,43,8081
18838,43,8080
18839,43,8081
18840,43,8080
18841,43,8081
18842,43,8080
18843,43,8081
18844,43,8080
18845,43,8081
18846,43,8080
18847,43,8081
18848,43,8080
18849,43,8081
18850,43,8080
18851,43,8081
18852,43,8080
18853,43,8081
18854,43,8080
18855,43,8081
18856,43,8080
18857,43,8081
18858,43,8080
18859,44,8081
18860,44,8080
18861,44,8081
18862,44,8080
18863,44,8081
18864,44,8080
18865,44,8081
18866,44,8080
18867,44,8081
18868,44,8080
18869,44,8081
18870,44,8080
18871,44,8081
18872,44,8080
18873,44,8081
18874,44,8080
18875,44,8081
18876,44,8080
18877,44,8081
18878,44,8080
18879,44,8081
18880,44,8080
18881,44,8081
18882,44,8080
18883,44,8081
18884,44,8080
18885,44,8081
18886,44,8080
18887,44,8081
18888,44,8080
18889,44,8081
18890,44,8080
18891,44,8081
18892,44,8080
18893,44,8081
18894,44,8080
18895,44,8081
18896,44,8080
18897,44,8081
18898,44,8080
18899,44,8081
18900,44,8080
18901,44,8081
18902,44,8080
18903,44,8081
18904,44,8080
18905,44,8081
18906,44,8080
18907,44,8081
18908,44,8080
18909,44,8081
18910,44,8080
18911,44,8081
18912,44,8080
18913,44,8081
18914,44,8080
18915,44,8081
18916,44,8080
18917,44,8081
18918,44,8080
18919,44,8081
18920,44,8080
18921,44,8081
18922,44,8080
18923,44,8081
18924,44,8080
18925,44,8081
18926,44,8080
18927,44,8081
18928,44,8080
18929,44,8081
18930,44,8080
18931,44,8081
18932,44,8080
18933,44,8081
18934,44,8080
18935,44,8081
18936,44,8080
18937,44,8081
18938,44,8080
18939,44,8081
18940,44,8080
18941,44,8081
18942,44,8080
18943,44,8081
18944,44,8080
18945,44,8081
18946,44,8080
18947,44,8081
18948,44,8080
18949,44,8081
18950,44,8080
18951,44,8081
18952,44,8080
18953,44,8081
18954,44,8080
18955,44,8081
18956,44,8080
18957,44,8081
18958,44,8080
18959,44,8081
18960,44,8080
18961,44,8081
18962,44,8080
18963,44,8081
18964,44,8080
18965,44,8081
18966,44,8080
18967,44,8081
18968,44,8080
18969,44,8081
18970,44,8080
18971,44,8081
18972,44,8080
18973,44,8081
18974,44,8080
18975,44,8081
18976,44,8080
18977,44,8081
18978,44,8080
18979,44,8081
18980,44,8080
18981,44,8081
18982,44,8080
18983,44,8081
18984,44,8080
18985,44,8081
18986,44,8080
18987,44,8081
18988,44,8080
18989,44,8081
18990,44,8080
18991,44,8081
18992,44,8080
18993,44,8081
18994,44,8080
18995,44,8081
18996,44,8080
18997,44,8081
18998,44,8080
18999,44,8081
19000,44,8080
19001,44,8081
19002,44,8080
19003,44,8081
19004,44,8080
19005,44,8081
19006,44,8080
19007,44,8081
19008,44,8080
19009,44,8081
19010,44,8080
19011,44,8081
19012,44,8080
19013,44,8081
19014,44,8080
19015,44,8081
19016,44,8080
19017,44,8081
19018,44,8080
19019,44,8081
19020,44,8080
19021,44,8081
19022,45,8080
19023,45,8081
19024,45,8080
19025,45,8081
19026,45,8080
19027,45,8081
19028,45,8080
19029,45,8081
19030,45,8080
19031,45,8081
19032,45,8080
19033,45,8081
19034,45,8080
19035,45,8081
19036,45,8080
19037,45,8081
19038,45,8080
19039,45,8081
19040,45,8080
19041,45,8081
19042,45,8080
19043,45,8081
19044,45,8080
19045,45,8081
19046,45,8080
19047,45,8081
19048,45,8080
19049,45,8081
19050,45,8080
19051,45,8081
19052,45,8080
19053,45,8081
19054,45,8080
19055,45,8081
19056,45,8080
19057,45,8081
19058,45,8080
19059,45,8081
19060,45,8080
19061,45,8081
19062,45,8080
19063,45,8081
19064,45,8080
19065,45,8081
19066,45,8080
19067,45,8081
19068,45,8080
19069,45,8081
19070,45,8080
19071,45,8081
19072,45,8080
19073,45,8081
19074,45,8080
19075,45,8081
19076,45,8080
19077,45,8081
19078,45,8080
19079,45,8081
19080,45,8080
19081,45,8081
19082,45,8080
19083,45,8081
19084,45,8080
19085,45,8081
19086,45,8080
19087,45,8081
19088,45,8080
19089,45,8081
19090,45,8080
19091,45,8081
19092,45,8080
19093,45,8081
19094,45,8080
19095,45,8081
19096,45,8080
19097,45,8081
19098,45,8080
19099,45,8081
19100,45,8080
19101,45,8081
19102,45,8080
19103,45,8081
19104,45,8080
19105,45,8081
19106,45,8080
19107,45,8081
19108,45,8080
19109,45,8081
19110,45,8080
19111,45,8081
19112,45,8080
19113,45,8081
19114,45,8080
19115,45,8081
19116,45,8080
19117,45,8081
19118,45,8080
19119,45,8081
19120,45,8080
19121,45,8081
19122,45,8080
19123,45,8081
19124,45,8080
19125,45,8081
19126,45,8080
19127,45,8081
19128,45,8080
19129,45,8081
19130,45,8080
19131,45,8081
19132,45,8080
19133,45,8081
19134,45,8080
19135,45,8081
19136,45,8080
19137,45,8081
19138,45,8080
19139,45,8081
19140,45,8080
19141,45,8081
19142,45,8080
19143,45,8081
19144,45,8080
19145,45,8081
19146,45,8080
19147,45,8081
19148,45,8080
19149,45,8081
19150,45,8080
19151,45,8081
19152,45,8080
19153,45,8081
19154,45,8080
19155,45,8081
19156,45,8080
19157,45,8081
19158,45,8080
19159,45,8081
19160,45,8080
19161,45,8081
19162,45,8080
19163,45,8081
19164,45,8080
19165,45,8081
19166,45,8080
19167,45,8081
19168,45,8080
19169,45,8081
19170,45,8080
19171,45,8081
19172,45,8080
19173,45,8081
19174,45,8080
19175,45,8081
19176,45,8080
19177,45,8081
19178,45,8080
19179,45,8081
19180,45,8080
19181,45,8081
19182,45,8080
19183,45,8081
19184,45,8080
19185,46,8081
19186,46,8080
19187,46,8081
19188,46,8080
19189,46,8081
19190,46,8080
19191,46,8081
19192,46,8080
19193,46,8081
19194,46,8080
19195,46,8081
19196,46,8080
19197,46,8081
19198,46,8080
19199,46,8081
19200,46,8080
19201,46,8081
19202,46,8080
19203,46,8081
19204,46,8080
19205,46,8081
19206,46,8080
19207,46,8081
19208,46,8080
19209,46,8081
19210,46,8080
19211,46,8081
19212,46,8080
19213,46,8081
19214,46,8080
19215,46,8081
19216,46,8080
19217,46,8081
19218,46,8080
19219,46,8081
19220,46,8080
19221,46,8081
19222,46,8080
19223,46,8081
19224,46,8080
19225,46,8081
19226,46,8080
19227,46,8081
19228,46,8080
19229,46,8081
19230,46,8080
19231,46,8081
19232,46,8080
19233,46,8081
19234,46,8080
19235,46,8081
19236,46,8080
19237,46,8081
19238,46,8080
19239,46,8081
19240,46,8080
19241,46,8081
19242,46,8080
19243,46,8081
19244,46,8080
19245,46,8081
19246,46,8080
19247,46,8081
19248,46,8080
19249,46,8081
19250,46,8080
19251,46,8081
19252,46,8080
19253,46,8081
19254,46,8080
19255,46,8081
19256,46,8080
19257,46,8081
19258,46,8080
19259,46,8081
19260,46,8080
19261,46,8081
19262,46,8080
19263,46,8081
19264,46,8080
19265,46,8081
19266,46,8080
19267,46,8081
19268,46,8080
19269,46,8081
19270,46,8080
19271,46,8081
19272,46,8080
19273,46,8081
19274,46,8080
19275,46,8081
19276,46,8080
19277,46,8081
19278,46,8080
19279,46,8081
19280,46,8080
19281,46,8081
19282,46,8080
19283,46,8081
19284,46,8080
19285,46,8081
19286,46,8080
19287,46,8081
19288,46,8080
19289,46,8081
19290,46,8080
19291,46,8081
19292,46,8080
19293,46,8081
19294,46,8080
19295,46,8081
19296,46,8080
19297,46,8081
19298,46,8080
19299,46,8081
19300,46,8080
19301,46,8081
19302,46,8080
19303,46,8081
19304,46,8080
19305,46,8081
19306,46,8080
19307,46,8081
19308,46,8080
19309,46,8081
19310,46,8080
19311,46,8081
19312,46,8080
19313,46,8081
19314,46,8080
19315,46,8081
19316,46,8080
19317,46,8081
19318,46,8080
19319,46,8081
19320,46,8080
19321,46,8081
19322,46,8080
19323,46,8081
19324,46,8080
19325,46,8081
19326,46,8080
19327,46,8081
19328,46,8080
19329,46,8081
19330,46,8080
19331,46,8081
19332,46,8080
19333,46,8081
19334,46,8080
19335,46,8081
19336,46,8080
19337,46,8081
19338,46,8080
19339,46,8081
19340,46,8080
19341,46,8081
19342,46,8080
19343,46,8081
19344,46,8080
19345,46,8081
19346,46,8080
19347,46,8081
19348,47,8080
19349,47,8081
19350,47,8080
19351,47,8081
19352,47,8080
19353,47,8081
19354,47,8080
19355,47,8081
19356,47,8080
19357,47,8081
19358,47,8080
19359,47,8081
19360,47,8080
19361,47,8081
19362,47,8080
19363,47,8081
19364,47,8080
19365,47,8081
19366,47,8080
19367,47,8081
19368,47,8080
19369,47,8081
19370,47,8080
19371,47,8081
19372,47,8080
19373,47,8081
19374,47,8080
19375,47,8081
19376,47,8080
19377,47,8081
19378,47,8080
19379,47,8081
19380,47,8080
19381,47,8081
19382,47,8080
19383,47,8081
19384,47,8080
19385,47,8081
19386,47,8080
19387,47,8081
19388,47,8080
19389,47,8081
19390,47,8080
19391,47,8081
19392,47,8080
19393,47,8081
19394,47,8080
19395,47,8081
19396,47,8080
19397,47,8081
19398,47,8080
19399,47,8081
19400,47,8080
19401,47,8081
19402,47,8080
19403,47,8081
19404,47,8080
19405,47,8081
19406,47,8080
19407,47,8081
19408,47,8080
19409,47,8081
19410,47,8080
19411,47,8081
19412,47,8080
19413,47,8081
19414,47,8080
19415,47,8081
19416,47,8080
19417,47,8081
19418,47,8080
19419,47,8081
19420,47,8080
19421,47,8081
19422,47,8080
19423,47,8081
19424,47,8080
19425,47,8081
19426,47,8080
19427,47,8081
19428,47,8080
19429,47,8081
19430,47,8080
19431,47,8081
19432,47,8080
19433,47,8081
19434,47,8080
19435,47,8081
19436,47,8080
19437,47,8081
19438,47,8080
19439,47,8081
19440,47,8080
19441,47,8081
19442,47,8080
19443,47,8081
19444,47,8080
19445,47,8081
19446,47,8080
19447,47,8081
19448,47,8080
19449,47,8081
19450,47,8080
19451,47,8081
19452,47,8080
19453,47,8081
19454,47,8080
19455,47,8081
19456,47,8080
19457,47,8081
19458,47,8080
19459,47,8081
19460,47,8080
19461,47,8081
19462,47,8080
19463,47,8081
19464,47,8080
19465,47,8081
19466,47,8080
19467,47,8081
19468,47,8080
19469,47,8081
19470,47,8080
19471,47,8081
19472,47,8080
19473,47,8081
19474,47,8080
19475,47,8081
19476,47,8080
19477,47,8081
19478,47,8080
19479,47,8081
19480,47,8080
19481,47,8081
19482,47,8080
19483,47,8081
19484,47,8080
19485,47,8081
19486,47,8080
19487,47,8081
19488,47,8080
19489,47,8081
19490,47,8080
19491,47,8081
19492,47,8080
19493,47,8081
19494,47,8080
19495,47,8081
19496,47,8080
19497,47,8081
19498,47,8080
19499,47,8081
19500,47,8080
19501,47,8081
19502,47,8080
19503,47,8081
19504,47,8080
19505,47,8081
19506,47,8080
19507,47,8081
19508,47,8080
19509,47,8081
19510,47,8080
19511,48,8081
19512,48,8080
19513,48,8081
19514,48,8080
19515,48,8081
19516,48,8080
19517,48,8081
19518,48,8080
19519,48,8081
19520,48,8080
19521,48,8081
19522,48,8080
19523,48,8081
19524,48,8080
19525,48,8081
19526,48,8080
19527,48,8081
19528,48,8080
19529,48,8081
19530,48,8080
19531,48,8081
19532,48,8080
19533,48,8081
19534,48,8080
19535,48,8081
19536,48,8080
19537,48,8081
19538,48,8080
19539,48,8081
19540,48,8080
19541,48,8081
19542,48,8080
19543,48,8081
19544,48,8080
19545,48,8081
19546,48,8080
19547,48,8081
19548,48,8080
19549,48,8081
19550,48,8080
19551,48,8081
19552,48,8080
19553,48,8081
19554,48,8080
19555,48,8081
19556,48,8080
19557,48,8081
19558,48,8080
19559,48,8081
19560,48,8080
19561,48,8081
19562,48,8080
19563,48,8081
19564,48,8080
19565,48,8081
19566,48,8080
19567,48,8081
19568,48,8080
19569,48,8081
19570,48,8080
19571,48,8081
19572,48,8080
19573,48,8081
19574,48,8080
19575,48,8081
19576,48,8080
19577,48,8081
19578,48,8080
19579,48,8081
19580,48,8080
19581,48,8081
19582,48,8080
19583,48,8081
19584,48,8080
19585,48,8081
19586,48,8080
19587,48,8081
19588,48,8080
19589,48,8081
19590,48,8080
19591,48,8081
19592,48,8080
19593,48,8081
19594,48,8080
19595,48,8081
19596,48,8080
19597,48,8081
19598,48,8080
19599,48,8081
19600,48,8080
19601,48,8081
19602,48,8080
19603,48,8081
19604,48,8080
19605,48,8081
19606,48,8080
19607,48,8081
19608,48,8080
19609,48,8081
19610,48,8080
19611,48,8081
19612,48,8080
19613,48,8081
19614,48,8080
19615,48,8081
19616,48,8080
19617,48,8081
19618,48,8080
19619,48,8081
19620,48,8080
19621,48,8081
19622,48,8080
19623,48,8081
19624,48,8080
19625,48,8081
19626,48,8080
19627,48,8081
19628,48,8080
19629,48,8081
19630,48,8080
19631,48,8081
19632,48,8080
19633,48,8081
19634,48,8080
19635,48,8081
19636,48,8080
19637,48,8081
19638,48,8080
19639,48,8081
19640,48,8080
19641,48,8081
19642,48,8080
19643,48,8081
19644,48,8080
19645,48,8081
19646,48,8080
19647,48,8081
19648,48,8080
19649,48,8081
19650,48,8080
19651,48,8081
19652,48,8080
19653,48,8081
19654,48,8080
19655,48,8081
19656,48,8080
19657,48,8081
19658,48,8080
19659,48,8081
19660,48,8080
19661,48,8081
19662,48,8080
19663,48,8081
19664,48,8080
19665,48,8081
19666,48,8080
19667,48,8081
19668,48,8080
19669,48,8081
19670,48,8080
19671,48,8081
19672,48,8080
19673,48,8081
19674,49,8080
19675,49,8081
19676,49,8080
19677,49,8081
19678,49,8080
19679,49,8081
19680,49,8080
19681,49,8081
19682,49,8080
19683,49,8081
19684,49,8080
19685,49,8081
19686,49,8080
19687,49,8081
19688,49,8080
19689,49,8081
19690,49,8080
19691,49,8081
19692,49,8080
19693,49,8081
19694,49,8080
19695,49,8081
19696,49,8080
19697,49,8081
19698,49,8080
19699,49,8081
19700,49,8080
19701,49,8081
19702,49,8080
19703,49,8081
19704,49,8080
19705,49,8081
19706,49,8080
19707,49,8081
19708,49,8080
19709,49,8081
19710,49,8080
19711,49,8081
19712,49,8080
19713,49,8081
19714,49,8080
19715,49,8081
19716,49,8080
19717,49,8081
19718,49,8080
19719,49,8081
19720,49,8080
19721,49,8081
19722,49,8080
19723,49,8081
19724,49,8080
19725,49,8081
19726,49,8080
19727,49,8081
19728,49,8080
19729,49,8081
19730,49,8080
19731,49,8081
19732,49,8080
19733,49,8081
19734,49,8080
19735,49,8081
19736,49,8080
19737,49,8081
19738,49,8080
19739,49,8081
19740,49,8080
19741,49,8081
19742,49,8080
19743,49,8081
19744,49,8080
19745,49,8081
19746,49,8080
19747,49,8081
19748,49,8080
19749,49,8081
19750,49,8080
19751,49,8081
19752,49,8080
19753,49,8081
19754,49,8080
19755,49,8081
19756,49,8080
19757,49,8081
19758,49,8080
19759,49,8081
19760,49,8080
19761,49,8081
19762,49,8080
19763,49,8081
19764,49,8080
19765,49,8081
19766,49,8080
19767,49,8081
19768,49,8080
19769,49,8081
19770,49,8080
19771,49,8081
19772,49,8080
19773,49,8081
19774,49,8080
19775,49,8081
19776,49,8080
19777,49,8081
19778,49,8080
19779,49,8081
19780,49,8080
19781,49,8081
19782,49,8080
19783,49,8081
19784,49,8080
19785,49,8081
19786,49,8080
19787,49,8081
19788,49,8080
19789,49,8081
19790,49,8080
19791,49,8081
19792,49,8080
19793,49,8081
19794,49,8080
19795,49,8081
19796,49,8080
19797,49,8081
19798,49,8080
19799,49,8081
19800,49,8080
19801,49,8081
19802,49,8080
19803,49,8081
19804,49,8080
19805,49,8081
19806,49,8080
19807,49,8081
19808,49,8080
19809,49,8081
19810,49,8080
19811,49,8081
19812,49,8080
19813,49,8081
19814,49,8080
19815,49,8081
19816,49,8080
19817,49,8081
19818,49,8080
19819,49,8081
19820,49,8080
19821,49,8081
19822,49,8080
19823,49,8081
19824,49,8080
19825,49,8081
19826,49,8080
19827,49,8081
19828,49,8080
19829,49,8081
19830,49,8080
19831,49,8081
19832,49,8080
19833,49,8081
19834,49,8080
19835,49,8081
19836,49,8080
19837,50,8081
19838,50,8080
19839,50,8081
19840,50,8080
19841,50,8081
19842,50,8080
19843,50,8081
19844,50,8080
19845,50,8081
19846,50,8080
19847,50,8081
19848,50,8080
19849,50,8081
19850,50,8080
19851,50,8081
19852,50,8080
19853,50,8081
19854,50,8080
19855,50,8081
19856,50,8080
19857,50,8081
19858,50,8080
19859,50,8081
19860,50,8080
19861,50,8081
19862,50,8080
19863,50,8081
19864,50,8080
19865,50,8081
19866,50,8080
19867,50,8081
19868,50,8080
19869,50,8081
19870,50,8080
19871,50,8081
19872,50,8080
19873,50,8081
19874,50,8080
19875,50,8081
19876,50,8080
19877,50,8081
19878,50,8080
19879,50,8081
19880,50,8080
19881,50,8081
19882,50,8080
19883,50,8081
19884,50,8080
19885,50,8081
19886,50,8080
19887,50,8081
19888,50,8080
19889,50,8081
19890,50,8080
19891,50,8081
19892,50,8080
19893,50,8081
19894,50,8080
19895,50,8081
19896,50,8080
19897,50,8081
19898,50,8080
19899,50,8081
19900,50,8080
19901,50,8081
19902,50,8080
19903,50,8081
19904,50,8080
19905,50,8081
19906,50,8080
19907,50,8081
19908,50,8080
19909,50,8081
19910,50,8080
19911,50,8081
19912,50,8080
19913,50,8081
19914,50,8080
19915,50,8081
19916,50,8080
19917,50,8081
19918,50,8080
19919,50,8081
19920,50,8080
19921,50,8081
19922,50,8080
19923,50,8081
19924,50,8080
19925,50,8081
19926,50,8080
19927,50,8081
19928,50,8080
19929,50,8081
19930,50,8080
19931,50,8081
19932,50,8080
19933,50,8081
19934,50,8080
19935,50,8081
19936,50,8080
19937,50,8081
19938,50,8080
19939,50,8081
19940,50,8080
19941,50,8081
19942,50,8080
19943,50,8081
19944,50,8080
19945,50,8081
19946,50,8080
19947,50,8081
19948,50,8080
19949,50,8081
19950,50,8080
19951,50,8081
19952,50,8080
19953,50,8081
19954,50,8080
19955,50,8081
19956,50,8080
19957,50,8081
19958,50,8080
19959,50,8081
19960,50,8080
19961,50,8081
19962,50,8080
19963,50,8081
19964,50,8080
19965,50,8081
19966,50,8080
19967,50,8081
19968,50,8080
19969,50,8081
19970,50,8080
19971,50,8081
19972,50,8080
19973,50,8081
19974,50,8080
19975,50,8081
19976,50,8080
19977,50,8081
19978,50,8080
19979,50,8081
19980,50,8080
19981,50,8081
19982,50,8080
19983,50,8081
19984,50,8080
19985,50,8081
19986,50,8080
19987,50,8081
19988,50,8080
19989,50,8081
19990,50,8080
19991,50,8081
19992,50,8080
19993,50,8081
19994,50,8080
19995,50,8081
19996,50,8080
19997,50,8081
19998,50,8080
19999,50,8081
